variant,y_pred,y_actual
P26E,1.21301800678712,1.5407710365887954
P26D,1.0688087905535681,
L40T,1.0394929771660812,1.1772766219403437
H87L,1.0057706480359843,
K49G,1.0037496615107238,
K49S,0.9891692107818557,
K49C,0.9891316336493682,
K49N,0.9853872124389932,
H87S,0.984105948678314,
K157M,0.9829793984952511,
K157Q,0.9825257671649177,
K142P,0.9821035469328586,
L40S,0.981099840573792,
H87M,0.9799317489327154,
K49A,0.9792799695265899,
K19N,0.9786262805056745,
K49H,0.9783601375900816,
L40G,0.9782039782156094,
K171G,0.9772601907756249,
K157H,0.9768218331030357,
K171H,0.9764985329821824,
K28W,0.9749419474929831,
K171D,0.9738761688714629,
H87T,0.9737228489213741,
K171P,0.9727779618497648,
K157D,0.9711834025238102,
V12A,0.97081509141289,
K142S,0.9706834429278678,
K142C,0.9703195129536704,
K142D,0.9700290455452898,
K171C,0.9693695407311208,
M45E,0.969187854523871,
A178D,0.9691189570460021,
M36Y,0.967434272488118,
K49T,0.9670557280373774,
K157E,0.9666583077997979,
K171Y,0.9665370684543637,
V124D,0.9654947883112653,
K142A,0.9654928102242312,
T179P,0.9652894813537303,
I105G,0.9643811744913495,
E172P,0.9633280594308631,
K171S,0.9624751968807947,
K28M,0.9622948496863067,
K171E,0.9618389326872738,
K28D,0.9616475122811211,
K171I,0.9614803881093704,
K49W,0.9609894345154547,
A178G,0.9609282206014821,
K19A,0.9603500782023658,
K19D,0.9602440500201683,
K171T,0.9600432551661072,
C91D,0.9598907726424253,
G110W,0.9598759291099246,
K142L,0.9597301889285049,
M36R,0.9587290070758447,
K19S,0.9581908777364501,
S130Y,0.9577033934028728,
H87A,0.9572388429234223,
K142N,0.95692115616796,
T162D,0.9564769848758394,
T141D,0.9563008883947525,
K19P,0.956279987242425,
T155L,0.955735642960072,
K102S,0.9553617116908794,
K142V,0.9553092714623926,
V153P,0.9548611467133558,
L40E,0.954429560456561,
K19W,0.954184859134933,
K142G,0.95398731318014,
T80E,0.9539537873220593,
I32G,0.9536425687481693,
E135D,0.9534430020470478,
K49P,0.9532241620396718,
K142Y,0.9532187399618184,
L46P,0.9530831426390399,
M93E,0.9525551526259888,
L46S,0.9522003691306036,
F151T,0.9521647823123363,
R39D,0.9517197290325078,
K49D,0.9516433479731691,
R39M,0.951365594121429,
L40A,0.9512543484629634,
H87E,0.9510926863112076,
K28H,0.9510743178167433,
V124P,0.9508543692111399,
K49Q,0.9507377612521762,
H87C,0.9505309585021788,
F139T,0.9499013347577008,
R39P,0.9497914446866262,
H54W,0.9497235403280038,
A178P,0.9496519645528969,
K102D,0.949473190861433,
R170P,0.9493986381740247,
K142H,0.9492912457095474,
L71T,0.9492479832071272,
E135G,0.9491528282541686,
K142T,0.949013489140655,
K28E,0.9489947530154546,
M93D,0.9489121436991101,
P25D,0.948605173393185,
T80D,0.9484301398621653,
L146T,0.9483975394662321,
A38G,0.9483421277597499,
G79P,0.9480830774273796,
K49V,0.9480416180273715,
I105D,0.9478924607549425,
N137D,0.9478415076240302,
I84D,0.9477828703857921,
N159A,0.9477739149228017,
V12S,0.9475218775610854,
K142Q,0.9473173629252247,
N58I,0.9471720281429609,
K157S,0.9471275016211885,
K142E,0.9467076665056112,
E125G,0.94651016565555,
V161T,0.9463505112077918,
L71A,0.946348566270018,
K19G,0.9461177849207482,
A53S,0.9460443699051005,
L85W,0.9460365781985345,
L146P,0.9457008530826388,
E174Y,0.9456182076281656,
K157G,0.9450864475659932,
K28G,0.9449688076325025,
M36D,0.9449445719906021,
N11R,0.9449024566699755,
T80G,0.9448210149140696,
Q106C,0.9445893007663392,
K102A,0.9445530792212438,
T114D,0.9443461150723869,
M45D,0.9439932387463551,
S130F,0.943621397510881,
K171V,0.9435775828830687,
E50F,0.943495751487491,
K171F,0.9432474893374851,
K49I,0.942803541667017,
V12G,0.9427250181329166,
A176G,0.9426848080796367,
K102E,0.9426718260683277,
A34F,0.9420264721844819,
H54A,0.9419109347836109,
A180D,0.9418382376396589,
A177P,0.9418084690600821,
K142I,0.9418015196707975,
H87N,0.941799868728927,
I105Y,0.9417992614453381,
K19C,0.9416624647714374,
M93S,0.9412124119309726,
E172T,0.9411974917747709,
K19T,0.9410091653901926,
R44P,0.9407675067359562,
K28Q,0.9406078914151942,
H54F,0.9405214965619588,
V136D,0.9405104532389731,
P26K,0.9404745629147694,
A38N,0.9403399565375143,
M93N,0.9403396033076871,
A176D,0.9399115463603002,
R39W,0.9398578021703193,
Y43E,0.9398355818404427,
C91F,0.939253180848182,
R103D,0.9391922190859637,
K19I,0.9391620684747423,
E174N,0.9390660396855331,
K19V,0.9389238587021993,
M93P,0.9381439220803253,
T109W,0.9380330136204867,
V124W,0.9379523294067034,
K19R,0.9378684835142471,
T155P,0.9378110877429947,
L46R,0.9377798298921224,
K171N,0.9375345487301462,
H143S,0.9375277724234772,
E118L,0.9373989660799912,
H87P,0.9373237180732531,
S130W,0.9370817200466667,
I105W,0.9366633464874302,
R57A,0.9366247621065036,
K157T,0.9366196247862342,
L146N,0.9364887539502632,
A173P,0.9364527302138709,
K142F,0.936250473260039,
E172D,0.9361282905192507,
K102T,0.9360425909853456,
K102H,0.9360194076966164,
L46D,0.935974555931687,
A9D,0.9355761303476752,
K19Q,0.9354837746052417,
H143P,0.9353952022259778,
K49E,0.9353708600716979,
M36W,0.9353147065825783,
H87D,0.935293003055111,
R132D,0.9352707710414785,
T64D,0.9350450944066488,
F139D,0.9349563603568097,
F139E,0.9349537627590004,
L46A,0.9347585386110353,
K19F,0.9347513351679901,
E172N,0.9346996272121081,
K19E,0.9346912170816285,
R132Q,0.9346892107362078,
R39H,0.9346719997487172,
P26W,0.9344011205645671,
M45G,0.9341931863922608,
E108D,0.9340912711638325,
S130R,0.9340409592809147,
K157W,0.9338816145885435,
T80P,0.9336901512513812,
V12T,0.9335588070874418,
K19L,0.9335569289916202,
C91Y,0.9335530410180791,
K102P,0.9334517148683174,
A166D,0.9334321565327649,
N11G,0.9334006487038602,
R170D,0.9332471564863016,
L71V,0.9332285806731002,
L146H,0.9327899466660992,
A173D,0.9326966179113495,
I68T,0.9325880801670847,
L40D,0.9325220555345755,
A104E,0.932488850300492,
H54S,0.9324713434150916,
V124N,0.9322749870296722,
L167P,0.9322241126961821,
V153H,0.9320710359312437,
A104D,0.9320034864327406,
F18G,0.9319072867346376,
K142M,0.9317468046422215,
L71I,0.9315739771673321,
K49Y,0.9313658389368709,
R81D,0.9313407582605367,
A176P,0.931242820399967,
T80N,0.9312124192672843,
K102G,0.9310320728879418,
K49L,0.9309560912500235,
R39Y,0.9308857036857131,
T155F,0.9308810182279085,
R112D,0.9308593383396677,
E174F,0.930852279720852,
P113M,0.9308431769881956,
Q129G,0.9303982470670913,
K142R,0.9303069762836594,
E168D,0.930157581260385,
E160D,0.9301493167692811,
L46C,0.9298689251058747,
V12D,0.929811038073447,
K171L,0.9297719616161985,
E174G,0.9296066992373543,
T179D,0.9296028237627154,
P26R,0.9295883138965445,
A38D,0.9294760552836192,
K157C,0.9293216647754374,
T155V,0.9293009146967891,
P21D,0.9292929371369908,
H87V,0.9289591474488347,
K157A,0.92884957392603,
L46W,0.9286541487087784,
G92N,0.928498611290518,
G51I,0.9284320595304199,
H54C,0.9282502496927302,
V124S,0.9281348008710316,
Q106L,0.9280017739745366,
P25Y,0.9278824040300367,
E174H,0.9277117165844708,
F149L,0.9276169822467223,
I32H,0.9275782367386511,
L46T,0.9274746787198097,
A34L,0.9274030510470891,
V124G,0.9272804802969213,
H143V,0.927161396740297,
H87Q,0.9271502697290126,
P163D,0.9270297069545569,
P113C,0.9270069423790309,
K157R,0.9266662326468367,
A169P,0.9266371208030239,
K49M,0.9266090466397592,
L40R,0.9265566257030556,
M93W,0.926268920008496,
T80S,0.9259851848889146,
M93A,0.9259642003200037,
L146Y,0.9259420560703983,
N11P,0.9258487952444608,
G110P,0.925782411132673,
K142W,0.9257471126042883,
F151A,0.9256993985908946,
A178C,0.9255566350500601,
E174R,0.9255444782379714,
E172G,0.9254898295079167,
S130P,0.9254009875871227,
G110D,0.9253643557519962,
A180P,0.9252493462938606,
R44S,0.9251691191051304,
I111E,0.9251660158452374,
I48L,0.9250818588388178,
D37N,0.9250554872433213,
G156D,0.9250123350572932,
M93Y,0.924940485936643,
V67S,0.9247156035254938,
I105V,0.9247057038520029,
I68A,0.9245200014216134,
L46K,0.9243360624232091,
F151V,0.9242887239202944,
A59D,0.9242795171206956,
P113R,0.9241600403921018,
H54L,0.9239862374594568,
E50Y,0.9239434692070807,
S130Q,0.9235557842552634,
H143I,0.9235082976675354,
G92T,0.9234928949450472,
Y14R,0.9233465078096117,
H54G,0.9232880211016226,
F139S,0.9231704754533249,
E168G,0.9230292604177115,
T144W,0.9228718400127547,
E118Y,0.9228689318444127,
K171M,0.9228322315370429,
T89Q,0.9225221973699369,
K102C,0.922293312593126,
Y120D,0.9222554246183902,
K49F,0.9222246055876494,
A34P,0.922208492873207,
A165D,0.9221923869516456,
L146G,0.9221227471477091,
S130N,0.922039688414338,
V153R,0.922009324234929,
K28A,0.9219494876455685,
E118F,0.9218109894907596,
T155I,0.9217943137823156,
E172I,0.9217872152213573,
M45R,0.921669879880664,
E50D,0.9216235225415238,
V153W,0.9216183982635867,
L40N,0.9214561013850024,
L85S,0.9214034557397858,
A166W,0.9212273103499539,
L175T,0.9212246320527148,
I30P,0.9211478013046343,
V127W,0.9210758600725135,
K171A,0.9210666853353149,
N11D,0.9210144961717219,
R132P,0.9209590950621341,
L146D,0.9206568213543398,
K28Y,0.9204189927982956,
A34D,0.9204118369054187,
P25F,0.920345948945682,
E168T,0.9202427792079351,
K102V,0.9200627230204816,
N159S,0.9200425538690423,
N58A,0.9200017419664799,
C91E,0.9198490545694971,
S70D,0.9196118495999555,
K28P,0.9195580502517788,
H143T,0.9195314422640135,
E168F,0.9193588930255414,
E174W,0.9193547613234198,
G92V,0.9193498813174946,
M45P,0.9193036421744888,
I83P,0.9192943405462677,
F139P,0.9192826399440871,
V124C,0.9192695552244126,
C91V,0.9192498930936331,
H143L,0.9189581703607891,
H54Y,0.9188924402676127,
R112E,0.9187167679340342,
K157I,0.9187021534574916,
A180Q,0.9186908571676061,
P25S,0.9186691188605866,
K49R,0.9185863837400805,
I32A,0.9185063030058704,
F139V,0.9184202410038198,
R39A,0.9182230447465559,
R103N,0.9181711813695498,
E174D,0.9181440837508998,
T89A,0.9180833931605025,
K19Y,0.9180696853977551,
H88N,0.9180459100414916,
H87R,0.9180299815499902,
N137E,0.9179857914116997,
C61R,0.9179424982054561,
V12C,0.9178353149617225,
I105E,0.917830497450305,
C61P,0.917722337933671,
I48P,0.9177174549388775,
L175P,0.9176684481043149,
L46G,0.9174278964180154,
P113N,0.9173310587325015,
L131P,0.9172405427740392,
I30T,0.9171912492798862,
R39L,0.9171188186885958,
P25E,0.9169934642156714,
L146A,0.9169933894939768,
N11W,0.9169886532254199,
L40Q,0.916929454895186,
E172W,0.9169083173505882,
R39N,0.9168486592781487,
I84R,0.9166656680225431,
N58M,0.9165441825030913,
P26M,0.9165357816109306,
S130T,0.9165242005634608,
E168P,0.9165091972623918,
K157Y,0.9164631575583815,
R103Y,0.9163777278377216,
V12Y,0.9163434990522836,
E168S,0.916239994833062,
A178Y,0.9161608746122686,
E172A,0.9161351660019875,
E174P,0.9161011420898488,
T89G,0.9160865441879367,
M93H,0.9159383259634191,
E50V,0.9158555066111848,
N58E,0.9157079337103902,
R39I,0.9156741959144125,
F139A,0.915641254787554,
T144R,0.9156209223352483,
A59F,0.91554632046738,
H143C,0.9154720226488783,
V12H,0.9154626590695801,
F18E,0.9154100672239831,
L85T,0.9153295949480961,
M36V,0.9152980588608045,
A38H,0.9152894892334729,
K157F,0.915231377764247,
R128C,0.9152138831060327,
N58R,0.9152048192286573,
S130K,0.9151335436989035,
T155Y,0.9151284471359223,
R132H,0.915120669015119,
A38Q,0.9150139743154091,
E168Y,0.9150061557090329,
D5V,0.9149798520423499,
F18A,0.9149201461480257,
K157P,0.9148480054769095,
A34H,0.914832297346477,
D152P,0.9148207320584922,
T89E,0.9147902901685208,
E172F,0.9146482531942702,
L71G,0.9146351692897414,
L158A,0.9146085509767968,
D37G,0.9145600650203726,
L46N,0.9145578146746557,
K171W,0.9143511456085617,
I48E,0.9143352790681376,
I56G,0.9142409061116743,
L71C,0.9142377498673077,
T141G,0.9142324242483681,
T109S,0.9141686043134133,
C91M,0.9141429155383457,
V124A,0.9140750951397364,
P21R,0.9139882829318744,
E172H,0.9138763805376443,
N137F,0.9138713010927237,
G20R,0.9138695974380947,
K19H,0.913863615083391,
P26C,0.913839690012024,
R170H,0.9138318521138653,
K171R,0.9137948510177112,
E172S,0.913769518461339,
R39S,0.9137605597377657,
S74D,0.9136647113674837,
H54T,0.9135352412236374,
R39C,0.9134516662312875,
R39G,0.9134509853128664,
F18D,0.913363166399996,
V3W,0.9132929894150061,
M36F,0.9132597907020881,
C91I,0.9131839794296333,
T155S,0.9131410649944506,
T80A,0.9131329159823285,
M93V,0.9131134003060702,
R103Q,0.9130840007158062,
E168N,0.9129279375285325,
L40V,0.9128829461019641,
D152L,0.9127767043515788,
D90P,0.9126642514622482,
M36E,0.912663236062352,
E135C,0.9124948182542866,
M93R,0.9124430097637608,
M36H,0.9124181597736755,
P21Q,0.9124032007621931,
V140A,0.9123874977943509,
W115P,0.9123534983365857,
T89P,0.9123436353446541,
A53L,0.9123091495165881,
T155C,0.9122161163880321,
S130D,0.912214881170496,
L71E,0.9121409683725068,
T144D,0.9121300519405432,
V127C,0.911981290828952,
A178E,0.9119757299046052,
T155D,0.9119672703219497,
Q129D,0.9118643845266422,
E50M,0.9116845519608406,
P113L,0.9116842313368433,
H87G,0.9116785236862603,
G17W,0.9115992056567633,
V153F,0.911479569159601,
A34I,0.9114513496286759,
V33G,0.911430934031503,
P113F,0.9113759817955125,
E135P,0.9113744264974102,
V127R,0.9113404976856104,
R132A,0.9113139883304808,
K171Q,0.9112826169026337,
P138T,0.911155109629767,
N58V,0.9111342481478661,
V161A,0.9109326367894727,
A173T,0.9109238128366645,
Q75E,0.9108533733747415,
R44A,0.9108465663642494,
A123L,0.9108089664076795,
A38E,0.9107866142959061,
Y43D,0.9106977560721963,
H143G,0.9106565357816101,
Y43V,0.9106142634095684,
A53M,0.9105633752186008,
H87Y,0.9104957029048037,
E82P,0.9104808574702968,
A9G,0.9104621566680794,
A180N,0.9104502123373169,
A53D,0.9104146445391179,
Y43N,0.910397084669243,
I105S,0.9103606207541429,
I83L,0.9103246899443664,
S74G,0.9102679900358744,
A104S,0.9100248361326065,
I84G,0.9100112810738313,
I111R,0.9099877396643998,
I105R,0.909971466366243,
R69D,0.9099602581120989,
T179E,0.9098503202191413,
L85Y,0.9098419277501532,
L94P,0.909839876843431,
H29D,0.9096385467103238,
D37Q,0.9096315644434935,
R39T,0.9095496569676453,
F151C,0.909452863843432,
K28L,0.9094438257790054,
T114H,0.9094089019459534,
V12F,0.9092768029570442,
E160G,0.909231373797204,
T109P,0.9091937588962964,
M93K,0.9091933160004356,
M36Q,0.9091891253361049,
V161N,0.9091699194152335,
D152W,0.9091328025683825,
Q182D,0.909128184767675,
L85G,0.9090347902578338,
E174V,0.9090278411402641,
T144N,0.9090138116666588,
A15L,0.9089974432681643,
K28F,0.9089540954471548,
K157N,0.9088380162460717,
T144Y,0.9088313540598081,
I105T,0.9087674219064545,
F149D,0.908653891394435,
V124Y,0.9085274927197969,
V3D,0.9084009785661766,
L146S,0.9084004989887566,
M93G,0.9083752585438544,
T141M,0.9083733652319788,
I32E,0.9083493176170323,
A38S,0.9083483177049054,
G148R,0.9083357761440195,
V127Y,0.9083347102050863,
D122R,0.9083326288662564,
T89L,0.908329737000829,
V140P,0.9082597874415056,
I68S,0.9082108297874035,
K102N,0.9081741302951792,
F18R,0.9080122314794394,
L46M,0.9079871277073087,
S74T,0.9079833285846566,
I111N,0.9079543838457237,
S70E,0.907930238956717,
H87K,0.9079073012985759,
H143M,0.9077373963929359,
L146E,0.9077265204465447,
L78D,0.9076452982365617,
I84W,0.907625895050418,
V63A,0.9076019827496676,
G79D,0.9075332534635396,
H87F,0.9074572462843885,
E50C,0.907399948330627,
F139Q,0.9073835715089601,
E82I,0.9073015550752953,
L86W,0.9072608801172197,
M45N,0.9072359149198674,
V161P,0.9071935181022406,
WT,0.9071930961284541,1.0
F96D,0.9071907936134086,
N159D,0.9071760731679172,
G51Y,0.9071667951789234,
M36C,0.906936317879021,
A173Y,0.9068854669130427,
L158S,0.9068199156085026,
V3N,0.9067139597025624,
I32T,0.9067025365216533,
R57P,0.9066831140437273,
R39V,0.9065375091765027,
I32W,0.9065059975435851,
K28C,0.9064825053146137,
P113I,0.9064731710805627,
P138F,0.9064721953510932,
L46Y,0.9064200724860205,
E174T,0.906336462714118,
T155A,0.9063171942987394,
M45A,0.9063033191593973,
V127H,0.9061292227742807,
P121G,0.9060514306976386,
E172C,0.9060390774354223,
A173N,0.9059893375131103,
T155G,0.9059729310744806,
A34Q,0.9059258860240379,
R103T,0.9058850502105323,
H143Q,0.9058536217224813,
A9E,0.9058288923739682,
T162N,0.9057887035144787,
C35S,0.9057603812751879,0.9470540279150467
K102F,0.9056723585758791,
V62E,0.9056722414666056,
P21M,0.9056601930689019,
V12P,0.9055750024576638,
K157V,0.9055528826624305,
N159G,0.9055100679467455,
H29F,0.9054892553735894,
S70G,0.9054413478989369,
Y120C,0.9054378120683626,
R39F,0.9053547003505173,
M36L,0.9051754017051864,
C91L,0.9051343789515883,
E118M,0.9050707027540024,
D5H,0.9050505689255454,
E168C,0.9050378466740173,
V12E,0.9050272465186068,
F149Q,0.9050087179838587,
N10D,0.904928300322737,
F139I,0.904920819186705,
V153E,0.9049154778082814,
E125D,0.9049119514877415,
I105A,0.9049057808343685,
V124F,0.9049045366502299,
F149I,0.9048290199171073,
L71W,0.9048290147545178,
T89R,0.9047478531370361,
K28V,0.9047127469830495,
V67D,0.9045355875518974,
V140T,0.9044908640365678,
T89F,0.9044698186034403,
P121C,0.904407459953111,
E118G,0.9043558299795059,
V33D,0.9042658305517383,
L46E,0.9042473006584143,
R103S,0.9041495888649348,
D152V,0.9040936584540364,
A169D,0.9040373019936225,
A123S,0.9040188840469828,
K28T,0.9039426103151693,
I32D,0.9038278000243122,
I84E,0.903823306397475,
Y120M,0.903777247673397,
R103I,0.903657028075304,
N11C,0.9036520798688502,
E172R,0.9036289422282828,
L8A,0.9036184485852513,
D90Y,0.903610692201668,
K28R,0.9035758140167783,
E168I,0.9035664618495203,
Y14G,0.9035500032415622,
I111Q,0.9034752070972886,
Q75G,0.9034472269475006,
K102L,0.903386138294259,
F151R,0.9033828698314932,
P138G,0.9033629427783433,
K19M,0.9033325017035182,
D90N,0.9033312596931015,
H88M,0.9032922859442181,
L22P,0.903278413250313,
L46Q,0.9032421354601601,
C91G,0.9032392120757646,
R57I,0.903188147269883,
V12Q,0.9031573551389522,
T89Y,0.9029991809958865,
R103P,0.9029701664261346,
G79I,0.9029639520266065,
G156Y,0.902743967011159,
R103F,0.902741573471505,
V161S,0.9026863650080308,
K28S,0.9026386890347733,
A169H,0.9024841376711613,
L85R,0.9024198631565906,
L71S,0.9024183980679513,
R170T,0.9024175389043246,
S130L,0.9024025690242321,
E82V,0.9024025209306328,
T114E,0.9022895316753946,
A53T,0.9022866952398799,
I73E,0.9022316726296382,
V63L,0.9022258424354764,
I48D,0.9021834755065266,
S74Y,0.9021576397335077,
C35A,0.9021534384722808,
T89H,0.9021211902193156,
G110V,0.9020800807885517,
A173H,0.9019813079470128,
E172Q,0.9019529971197638,
M93L,0.9019188229490916,
V3I,0.9018812325025558,
P25A,0.9017832299737569,
L40I,0.9017660950665362,
P25W,0.9017291871687142,
A166Y,0.9017098722900271,
A34N,0.9017031038630998,
N11I,0.9016371034132482,
D37Y,0.901572167000323,
V42A,0.9015175669072988,
Q129W,0.9014000758737667,
K102Q,0.9013838245845451,
L85E,0.9013762578582084,
A178L,0.9013542179472589,
K102M,0.9013482426571531,
K157L,0.9013057300888278,
G156Q,0.901281429235267,
G92R,0.9012516177246809,
S27D,0.9012299487050504,
I84S,0.9012256379425776,
F151P,0.9012122005365063,
G92D,0.9012000687222208,
T80F,0.9011950778564723,
A173F,0.9011326605156484,
G92S,0.9011239553024061,
I84P,0.9010415872692049,
K28I,0.9010233429486105,
V67E,0.9009838874485858,
I73W,0.9009467322898844,
Q106V,0.9009413414592851,
G51V,0.900872006248146,
R133T,0.9008441836932042,
V127A,0.9008441725528787,
N11Y,0.9008189147182003,
R128W,0.9008146822097207,
A34M,0.9008081531639303,
E135R,0.900772376960133,
V140D,0.9006250507767873,
E172Y,0.9005994405274269,
N58L,0.9005962274945725,
A9H,0.9005214427623395,
V62I,0.9004588966284863,
I32R,0.9003455014306614,
H88Q,0.900319962914128,
L131Y,0.900293513879785,
N137C,0.9002609670117571,
V3H,0.9002301977049075,
V3M,0.9002145417438032,
S70R,0.9001389239326082,
L85K,0.9000454786120148,
M93T,0.8998829888156021,
C35T,0.8998204636038222,
A123Y,0.8997862986714692,
E135V,0.899714549270316,
A180G,0.8997138270511763,
S74W,0.8997036393595185,
E181D,0.8995536278143378,
L8T,0.8995488510602074,
Q106W,0.8995312873863193,
G60D,0.8995311390297924,
V63R,0.8993364031541351,
G148P,0.8993264820151393,
V67P,0.8993019934063394,
G51F,0.8992962797780214,
A169F,0.8992346974181664,
T144C,0.8992084725489059,
N11E,0.8991777415539071,
G92C,0.8991310502767226,
R132S,0.8990790635409914,
P113D,0.8990762553638625,
D37R,0.8990623201754492,
F149R,0.8988213030409224,
K102W,0.898790494063646,
A38R,0.8987126109623944,
R103V,0.898708350738959,
R128L,0.8987065900241261,
N11L,0.8986875963128665,
D37F,0.8986708056688707,
A169G,0.8986678409837567,
V153Q,0.8986336899088809,
V136P,0.8986201919103078,
R170C,0.8985364028063398,
L85V,0.8985353567026201,
T114F,0.8985214283070878,
N159T,0.8984274751506885,
A164L,0.8983772105462248,
G156V,0.8983758014309273,
L71F,0.8982682940308989,
P113G,0.8982433117154861,
A123F,0.8982281823385405,
D37W,0.8981782027633765,
P26G,0.8981602239085831,
H54P,0.8981213708012719,
I48N,0.8980885986812994,
A15Y,0.8980798812408709,
Y120E,0.8980661142441988,
N58P,0.8980324025328855,
D152I,0.8979716703700543,
V127I,0.8979584196323611,
N137L,0.8979552315973096,
E52G,0.8978898957629637,
A169T,0.8978696866693824,
E108R,0.8978318913495472,
P138M,0.8977468776249387,
A104W,0.8976678272349647,
Y43A,0.8975979638093753,
A15F,0.897595734114018,
A177D,0.8974894586709411,
R133A,0.8974419402925293,
Y120T,0.8974166411571326,
P117D,0.8974150249948135,
P25R,0.8973799408497635,0.8740410964971176
E168H,0.8973653823465617,
E50W,0.8972975744468539,
L22D,0.8972626766984658,
A165G,0.897232830136612,
G156P,0.897220139675768,
M93I,0.89721014028278,
V67T,0.8971728465493005,
R39E,0.8971085013887635,
V62D,0.896999020520859,
C91R,0.8969447804505434,
A34Y,0.8969394901545874,
I84K,0.8969198565539096,
R170G,0.8968327294280707,
A154T,0.8968264066141574,
A166C,0.8968020938051253,
G60Y,0.8967408605993695,
T144G,0.8966888545718558,
G148W,0.8966578722402488,
E135N,0.8966381421806568,
S70K,0.896573466886089,
P25M,0.8965609804833994,
V150S,0.8964185457180196,
R103G,0.8964146107377405,
I48K,0.8963857597405694,
A164D,0.896351103547041,
T141N,0.8963268037803414,
R128G,0.8962863665731113,
S70M,0.8962747355300344,
L167Y,0.8962478446866917,
S70L,0.8961706819025734,
P21W,0.8961642351865052,
T109R,0.8961606447411651,
T141V,0.8961334096345981,
T155W,0.8961254068052814,
M45V,0.8959918590306485,
S70W,0.8959876933641202,
V55R,0.8959688306196127,
K102I,0.8959215964553544,
L22E,0.8958257160226729,
H54K,0.8958226872127588,
C61K,0.8958219840136867,
Y120G,0.8958218889133489,
D41L,0.8958099239322276,
S145D,0.8958003432524425,
F151L,0.8957595740091747,
V161H,0.8957242328214952,
P138S,0.895620178650604,
I111H,0.8955927693745604,
P21E,0.8955832386903815,
L146W,0.8955298474585132,
R103L,0.8954810968514337,
C91W,0.8954494170267747,
E160Q,0.8954447772171321,
R128A,0.8954356682350243,
L71D,0.8954279064171365,
G51H,0.8954194490082037,
K28N,0.8953615959401827,
H143F,0.8953309173862267,
I32Y,0.8953186078701661,
T109Y,0.8952964022129136,
A180S,0.8952799444201008,
H54R,0.8952325075562646,
P138Y,0.8951689022763593,
R132F,0.8951655645262037,
H29I,0.8951541725925489,
P138H,0.8951376577395337,
L78A,0.8950900488799428,
E52D,0.8950633349232292,
D5Y,0.8950330707350332,
N137Y,0.8949705102002712,
V124Q,0.8949628432110063,
R132G,0.8949408492199344,
P121D,0.8949275778318823,
T64P,0.8949230344811538,
Y7W,0.8948792206684874,
R69E,0.894849794993559,
T144S,0.894762433105742,
P121A,0.8947068790204676,
R132L,0.8946726170857698,
R69F,0.894548384253405,
E108S,0.8945318188613526,
A34W,0.8945170997744374,
G92P,0.8944803443088716,
S130H,0.8944501994036713,
A180R,0.8944052715584718,
L40H,0.8943910882940336,
Q75V,0.8943891338462256,
L86G,0.8943640480073023,
D90F,0.8942952005250402,
I48G,0.8942707521300973,
D152R,0.8941900717203269,
L8D,0.8941838869377611,
T162S,0.894154981869256,
N11M,0.894148577812482,
N58D,0.8941326438866756,
I134G,0.8941232208017367,
R57W,0.8941223855490518,
G92L,0.8940673170189329,
I73D,0.8940505885977298,
E50I,0.8938910583238416,
P26N,0.8938462003094613,
A177E,0.8938126603221872,
H87W,0.8938081264814929,
V3E,0.8937859585926597,
N11H,0.8937698371833297,
D41W,0.893673058460025,
A34S,0.893662660460762,
F139M,0.8936454152371498,
V161Q,0.8935986514119919,
G156T,0.8935948430510201,
N58T,0.8935878895860071,
R57V,0.8935403799024823,
L86N,0.8935011898682593,
G92E,0.8934739555768383,
P163I,0.8933736372189461,
A173V,0.8933166427711211,
H54I,0.8933091877197527,
Y43L,0.8932615660895444,
E174Q,0.893259126086582,
R132T,0.8932270286355808,
A15W,0.8932235514955008,
T179R,0.8932133475009283,
Q75W,0.8931773647935388,
M45K,0.8931636252401076,
I84N,0.8931589772790067,
G51W,0.8931392624354695,
N137T,0.8930683789908237,
I105C,0.8930121325750875,
A166N,0.8929959916022591,
S16D,0.8929714168597243,
I68D,0.8929436872313988,
N159W,0.8928519257302219,
Y43M,0.8928482227947683,
Q106P,0.8927857869773067,
Y120R,0.892758693434386,
L22G,0.89275817989256,
T155M,0.8927189363304315,
A38Y,0.8926486465836116,
A180E,0.8926235561255293,
P25T,0.8925991607150605,
P163W,0.8925101516893865,
G60P,0.8924983271850503,
A178R,0.8924615450913902,
E82L,0.8924455046532046,
Q182C,0.8924449071513655,
G79S,0.8924093450591861,
A166G,0.8924042639839747,
I30Q,0.8923806168773092,
R103H,0.8923649321143894,
V150T,0.8923633882283275,
H54M,0.8923286711705813,
Y43S,0.8922943910309615,
C91N,0.8922815926991626,
R170A,0.8922287196282798,
V124H,0.8920156424296836,
M24D,0.8919791190089436,
P113T,0.8919643781848083,
V62H,0.8919059765236927,
I32S,0.891860707947567,
H87I,0.8918297114867673,
R132Y,0.8917772087637728,
A173C,0.8917648680004578,
V127L,0.8917172526197009,
A177L,0.8916121330533063,
L46H,0.891593215422318,
I32C,0.8915325590680415,
L167D,0.8915221855231517,
R57L,0.8914984240243661,
I32Q,0.8914732789515176,
L85A,0.8914641099203398,
Y120A,0.8914640153634322,
E52H,0.891447889334942,
R76D,0.8913731709012306,
A59S,0.8913295777213489,
A123R,0.8913256685540183,
V67F,0.8912981402666944,
A177Y,0.8912921364464865,
I105Q,0.891282808461886,
F18P,0.8912356460304547,
I48F,0.8912282162486039,
G92A,0.8911693306626254,
V124R,0.8911633078223501,
N159R,0.8910834933690874,
G51R,0.8910780905830172,
D152Q,0.8910565413898133,
V153Y,0.8910047114337827,
I83Y,0.8909927252588716,
M36K,0.8909909284059111,
A38P,0.8908578966185408,
D5F,0.8908525087768098,
H143N,0.8908414874627586,
V150A,0.8908158829194186,
R132I,0.8907812585165746,
P138L,0.8907507025061971,
A177C,0.8906839051155114,
M36T,0.8906528741468744,
C35V,0.8905927076951979,
N137P,0.8905469551942089,
L71Y,0.8905257923800926,
S145C,0.8905022080396514,
N159C,0.8904970527861754,
P25N,0.8904824899355304,
I48A,0.8904124099528856,
C61G,0.8904020008132971,
G60N,0.890344229259852,
P113H,0.8903297525429419,
R133E,0.8903108835489829,
V62M,0.8902518659093919,
M1V,0.8902339316159004,
A34V,0.8902207066911556,
S145H,0.8901532618030243,
N11A,0.8901181570076148,
A154S,0.89011283057353,
R103A,0.8901091007382658,
T4S,0.8900519427178594,
Q129F,0.8900290917368834,
R128H,0.8900116723437941,
G110M,0.8899975214134708,
A164Y,0.8899864131505393,
A104V,0.8897783860516166,
R69L,0.88976384847049,
N159F,0.889725335278959,
L131A,0.8896510676208504,
E52S,0.8895810838254046,
L71Q,0.8895719897876362,
V3A,0.8895368499409583,
N137I,0.8894584723179486,
A164F,0.8893954284017533,
L46F,0.8893044825897632,
L40Y,0.8892781044731005,
V161G,0.8892708521213101,
P163E,0.8892186534476829,
A53I,0.8891457824059695,
A31L,0.8891435127684703,
C91T,0.8891219323280112,
L78R,0.8890948507405619,
R76G,0.8890541407312189,
T89C,0.8890153172408699,
L40P,0.8889048573829129,
T89S,0.8887564492294341,
I48R,0.8887557740170325,
P25C,0.8886556170580008,
A154D,0.8886289210344933,
A123P,0.8886047603860026,
R132V,0.8885310100737337,
R128S,0.8885163754902617,
P138C,0.8885127929246649,
G156L,0.888476402100967,
D37H,0.8884625250596179,
A180T,0.888431283239945,
S70N,0.888419679096679,
T155E,0.8883092072832508,
F18T,0.8883075721008646,
L40K,0.8882467027218308,
E108W,0.888230967963304,
L146V,0.8881843842853593,
F96E,0.8881770433543962,
V12W,0.8881585596526649,
A166E,0.8881281636825713,
A123V,0.8880867594407594,
P26H,0.8880778811449014,
G156E,0.8880282058908188,
L8W,0.8880240144113416,
S130A,0.8880106462926594,
D41Y,0.8879794392525391,
F18C,0.8879704596068914,
M93Q,0.8879689138188229,
T2N,0.8879673218391619,
W115G,0.8879521832238976,
D90R,0.8879313315237454,
A178T,0.8878988134575339,
L175D,0.8878627552133047,
A15R,0.8878626587543902,
E172L,0.8878575994163986,
V62A,0.8878439185534611,
V127Q,0.8878270434060218,
V33E,0.8878017176425304,
G51A,0.8877962626871316,
D41R,0.8877863727953901,
I56R,0.8877760022393679,
R44G,0.8877546345519518,
H54V,0.8877398959015388,
R81C,0.8877285868410363,
R81S,0.8877244222613692,
D99R,0.8877151638358732,
D99F,0.8877047878455461,
V55A,0.8876981487550786,
P117S,0.8876627222488103,
Y7Q,0.8876460416494919,
V63C,0.8876389985184452,
I73F,0.8876346491724064,
I83T,0.887599732403951,
R69Y,0.8875554243412408,
A123H,0.887510179132627,
P138D,0.8874662952174248,
L86Q,0.887435452819173,
W115Y,0.8874123858245714,
E168V,0.8873824830176599,
G156I,0.887300838833891,
L71R,0.8872586216200452,
P163N,0.8872278436183078,
I73A,0.8872025588838193,
E50G,0.8871177799211877,
L40F,0.8870873581381454,
P26V,0.8870737748209837,
F18N,0.887010589341143,
G17D,0.8870085723988274,
H143W,0.886963279911759,
E135T,0.8869604885809761,
Y7R,0.8869574703679564,
E160A,0.8869531949284667,
C35N,0.8869294350599727,
D37K,0.8869104674333776,
M24K,0.8869025550852397,
G110E,0.8868948128308496,
A72E,0.8868947044164647,
P21T,0.8867959060336917,
I105N,0.8867588209775255,
P113Y,0.8867011045822761,
R44W,0.8866843044282464,
V12N,0.8866360592115349,
C91A,0.8866130283550617,
A177V,0.8866040353953667,
E50L,0.8865258553093454,
L22S,0.8863846201668033,
H143A,0.886384343288961,
F18Q,0.8863807620819406,
R133V,0.8863389385834946,
P138W,0.8863271803776808,
D37M,0.8862659278801418,
V63I,0.8862533428448158,
R128Q,0.886228452640873,
A154H,0.8862156583848031,
D37T,0.8861610974187752,
A59L,0.8861553740087076,
A166H,0.886110707281865,
Q129S,0.8860837979618856,
D41K,0.8860646461123494,
I56V,0.8860268556833886,
E52W,0.8860115339320446,
G148I,0.8859913419565243,
R103E,0.8859773374807218,
R132E,0.8859276288056634,
A53F,0.8858621571136922,
M24E,0.8858525019839283,
V150E,0.8858451213825385,
I84H,0.885830707703567,
A176C,0.8857748748384441,
S119D,0.8857677645937307,
W115S,0.8857331847521873,
P26A,0.8857137231472643,
I83A,0.8856955266485542,
V62L,0.8856790052743729,
P26S,0.8856758199564738,
A59P,0.8855814608574879,
K102R,0.8855598279759864,
A34E,0.8855344340119671,
I84Q,0.885509971216116,
R147S,0.8854947896698423,
T80C,0.8854519888116349,
D5I,0.8854215678437385,
G79V,0.8854165172006345,
R132M,0.8854087733159534,
L146I,0.8854002746063014,
Q129P,0.8853706255814363,
S119E,0.8853579514235075,
L94W,0.8853254860700549,
P23A,0.8852918107685858,
M36P,0.8852744443599705,
T80Q,0.8852578716316066,
E135S,0.8852435908213931,
S145L,0.88521715265566,
N159P,0.8851480418813188,
P138R,0.8851032536977587,
S27C,0.8850631841212643,
Y120H,0.8850582753135224,
G51L,0.8850429043817178,
P25V,0.8849032628491281,
A31P,0.8848007392502509,
V140S,0.8847935762927784,
S130M,0.8847825307960702,
E50P,0.8846602295874323,
G110F,0.8846434745381337,
T109H,0.8846404163829724,
P113S,0.8846396756871959,
T109G,0.8846328727524319,
A180W,0.8846136945465167,
S16G,0.8845976065581621,
I30R,0.8845912891785531,
A154P,0.8845608554400398,
K102Y,0.8845334640972032,
F139C,0.8844507072394776,
V124E,0.8844413865911885,
S130V,0.8844113310803059,
N58S,0.8843430846321817,
I111S,0.8843399120848996,
Y14P,0.884335035882987,
L78Y,0.8843144482900598,
D41M,0.8843060357141433,
G156A,0.8843002590478861,
A104F,0.8842905017531877,
A38K,0.8842862143582266,
Y43Q,0.8842585197811687,
R39Q,0.8842525040054897,
T144H,0.8842464387776348,
G20L,0.8841809814865721,
V127S,0.884158508189796,
L22Q,0.8841515924932026,
A123I,0.8841342301603161,
P138V,0.8841303375676169,
Q75L,0.8841004081326105,
E50S,0.8840963250675195,
L94S,0.8840617112615695,
L78H,0.884038050297427,
G110A,0.8840252568565025,
E50R,0.8840140219742636,
I68L,0.8839883090165387,
D152S,0.8839692647662426,
C35E,0.8839300250081277,
C61V,0.8839081454091772,
H29M,0.8839036017867334,
F139N,0.8838694316917903,
A166P,0.8838693333308691,
D126L,0.8837892360220294,
A154I,0.8837820377415742,
L78I,0.8837806221051113,
E108L,0.8837302431085263,
E168W,0.8837253160958624,
L40C,0.883693916409628,
V33P,0.8836521464390866,
F139G,0.8836496061731962,
F149H,0.8836442139840203,
T141F,0.8836203524940222,
V67Q,0.8835027318523144,
C35M,0.8834861732531435,
D152M,0.8834771066586152,
V12R,0.883442676803891,
Q182S,0.8833910514494455,
T141P,0.8833819845832024,
A178N,0.8833608913281905,
Y7V,0.8833333111432541,
N137A,0.8833162985078964,
M36N,0.8832623076004674,
A178I,0.8832415080696434,
A15P,0.8832255045847325,
F149W,0.8831657280444429,
N11V,0.8830638921568681,
L175F,0.8830482685298794,
L78S,0.8830038305872786,
T179G,0.8829952079754727,
A59E,0.8829445531879065,
A154G,0.8829422789312477,
L146K,0.8829364943852482,
G92M,0.882916597220776,
A15S,0.882896569632983,
E52R,0.8828960653294756,
T144F,0.8828460107609013,
R128M,0.8828427537101762,
A9S,0.8828306838469677,
A59Y,0.8828173833853827,
A104N,0.8827391470543042,
R133G,0.8826848132422268,
S130E,0.8826841551478867,
R147C,0.8826710399961039,
R76T,0.8826358091248171,
E174K,0.8826230140536013,
V3Y,0.8826000076515009,
I111W,0.8825941728381801,
P138N,0.8825883062341744,
L71M,0.8824322259288402,
G156F,0.8824018606625704,
D90L,0.8823957353856451,
Y43R,0.8823947621016124,
L71P,0.8823516115458758,
I30D,0.8823292439463328,
I48M,0.8823079202767878,
D152C,0.8822906332090268,
D152F,0.8822380908156054,
Y43K,0.8821869985664841,
A72S,0.8820905747032991,
A15M,0.8820452254277433,
I134D,0.8820324379645542,
A53R,0.8820198667867061,
R81N,0.8820197347330935,
L86K,0.8820134178969158,
L158G,0.8819919037549792,
I111Y,0.8819544236248364,
I111V,0.8819447733859471,
G79T,0.8819076937640854,
N58Y,0.8819067547161743,
F139W,0.881833387522411,
G17C,0.8818319558547485,
L46V,0.8818191037233298,
F18H,0.8818067474722455,
P26L,0.8817737767284249,
C61E,0.8817659203536293,
R103W,0.8817605518036808,
F18K,0.8817194806847679,
L71N,0.8816995471104516,
F96S,0.881685610020032,
R170W,0.8816724679684395,
A154V,0.8816359021601196,
T64A,0.8816356437589143,
N10W,0.8816109130518257,
A164V,0.8816070307843049,
T141S,0.881604550567485,
S130G,0.8815690303194543,
V42P,0.8815430535262193,
N137V,0.8815314749241867,
P25I,0.8814994111658769,
A34K,0.881476368353933,
Q129V,0.8814503374893624,
G60L,0.8814323026612274,
P121S,0.8813598631033344,
H88W,0.8813309928143803,
R112G,0.8813186506924899,
D98F,0.8812380640244818,
H54N,0.8812325514654491,
D41S,0.8811320274191116,
D126P,0.88110006446716,
S70C,0.8810109543634127,
A178F,0.880980591270864,
L94R,0.8809790642311485,
T89D,0.8809467442453552,
Q182R,0.8809269095753912,
L146Q,0.8809059459285555,
E52A,0.8809012987826011,
E118I,0.8808537583952533,
P117A,0.880806082421995,
P117G,0.8807710626734594,
T162E,0.88075263032591,
A154R,0.880646845872294,
G156W,0.8805935712062687,
A104Q,0.8805786200745286,
F151S,0.8805473396712898,
D41P,0.8805368530928555,
L94A,0.8805025281202182,
P26T,0.8804978864085696,
P21V,0.8804761377763696,
A169R,0.8804279463592788,
E174S,0.8803493252794022,
L94D,0.8803453658447512,
A180V,0.8803429940423163,
A177H,0.8803381903883765,
F151I,0.8803091921215398,
F149V,0.8803071173038751,
R69A,0.8803005909752383,
Y7T,0.8802504396760343,
L85M,0.8802497033277021,
N159H,0.8802275636972552,
Y14F,0.8802176219079004,
N10E,0.880209833461917,
R44I,0.8801882024824229,
E174L,0.8801681018032268,
V3Q,0.8801569136560111,
I84V,0.8801241534915101,
R44D,0.880046684212588,
V62N,0.8800041452878838,
V136T,0.8799927120535106,
A31E,0.8799664105605491,
I32F,0.8799468617350302,
Y43I,0.8799461574490972,
R76N,0.8799290556911383,
E50Q,0.8798812778246605,
A104C,0.8798594237669434,
L86H,0.879853615310002,
C61Q,0.8798203383430916,
T141Y,0.8798201842805439,
G110I,0.8798013981597372,
V33F,0.8797890155522736,
M36I,0.8797449191557455,
V33A,0.8796852836356712,
R133Q,0.8796645283944333,
T109F,0.8796364697189376,
R57G,0.8796218267122932,
R112P,0.8796080955820341,
I73T,0.879597907890377,
A154L,0.8795786315952557,
C35D,0.8795783384144983,
R103M,0.8795779677948946,
L85I,0.8795651564207643,
P23D,0.8795599185658517,
A165P,0.8795407740526275,
F96P,0.879526722026656,
P138I,0.8795137584919841,
T89M,0.8795119537592799,
T155H,0.8794810374544798,
T4F,0.8794463377865098,
A72C,0.8794195496515329,
W115V,0.8794031462017706,
T2M,0.8793861841054504,
R147E,0.8793567464750514,
C61W,0.8793333020679645,
T64N,0.8792888912968894,
P23G,0.8791820270468618,
W115R,0.8791808785064912,
I84A,0.8791216741985218,
E118S,0.8790751329081569,
P21N,0.8790037092935902,
T114W,0.8789753327112496,
I111D,0.878970258428919,
E172V,0.8789670016499087,
V67I,0.8789445905759254,
D41C,0.8789242181814777,
E52N,0.8789185909586092,
Y43G,0.8788875887917881,
I48W,0.8788804244757397,
V3F,0.8788672405799985,
E125L,0.8788604721530718,
G60V,0.8788256265740118,
A38T,0.8788242478908235,
E168A,0.8788174979405338,
I111C,0.8787995079454154,
A154N,0.8787955297624112,
I30S,0.8787695181896233,
L22K,0.8787694654768647,
L78W,0.8787560351353899,
V153A,0.878666478875198,
E174I,0.8785336785892234,
A176H,0.8784637393550788,
F18I,0.8784036038789409,
Q106R,0.8783988317439706,
L77V,0.8783545704162842,
M93C,0.8783495360760953,
Q75D,0.8783093993859338,
E52L,0.8783049223337265,
D6R,0.8782627203359351,
W115T,0.8782389131889873,
F149P,0.8782031989362666,
V150R,0.8781870470948278,
I83F,0.878140955493204,
Y120L,0.8781336455377801,
W115F,0.8781315218113709,
T144E,0.8780774518348025,
V136G,0.8780597340983672,
V42G,0.8780042620710988,
V33S,0.8779766394985825,
W115I,0.8779663393168103,
S145E,0.8779572414750283,
G60A,0.8779537444997352,
E52I,0.8779433435116046,
R128D,0.8779224339361043,
M36S,0.8779081740479648,
D6K,0.8779074113432525,
T141A,0.8779049156386631,
E168Q,0.8778571970061104,
L46I,0.8778205958748078,
I105K,0.8777926119210062,
D37L,0.8777616214379416,
D100L,0.8777548611624719,
T64I,0.8777480590428537,
L85H,0.877720613085252,
L167R,0.8777090586658762,
A165E,0.8777030105560825,
E125I,0.8776886933360253,
L94E,0.8776477526404333,
T80M,0.8776448518084031,
Y14W,0.877628443196051,
R81E,0.8775943771680491,
R44L,0.8775567527571079,
Q75T,0.87750402070644,
Q75S,0.8774927684344256,
A154M,0.8774883715382181,
Q106I,0.8774666772490692,
T64S,0.8773665485484233,
R112C,0.8773542257183149,
D152G,0.8773500529871909,
S27V,0.8773367767082635,
A104L,0.8773093424344168,
A176T,0.8772725149643091,
I83Q,0.8772380611986433,
T109E,0.8772290481320191,
D66E,0.8772139548932028,
H143Y,0.877115831722831,
H54D,0.8771153931744139,
R170Y,0.8770853670087796,
T109C,0.8770484115607878,
A72F,0.8770208234961087,
G51T,0.8770204072283427,
V161I,0.8770087066261618,
E108V,0.8769975611382407,
I83R,0.8769786263891909,
D41F,0.8769703173367854,
T95V,0.8769567853738067,
P117R,0.8769542282615703,
G110L,0.8769527786607003,
F151G,0.8769309292221432,
N11T,0.8769197215114295,
I68M,0.8769187194255802,
G110S,0.8768824731543965,
L94V,0.8767850675840054,
P21C,0.8767818768318015,
V153C,0.8767445127240717,
Y43T,0.8767387678484987,
T4W,0.8767027943794278,
D152T,0.876690291130393,
T2K,0.8766309805817606,
M36G,0.8766169796382561,
Y7P,0.8765693066538661,
P21H,0.8765410637554291,
V161M,0.8765336380493077,
V161K,0.8765120342413382,
I68C,0.8764978257073812,
S130I,0.8764872739172859,
R76S,0.8764816904405734,
R81T,0.8764129065396798,
A104Y,0.8764042162707759,
V67N,0.8763259818417036,
S27Q,0.8762711306837866,
I73S,0.8762633927768405,
I68E,0.8762627297916259,
L40W,0.8762603895081604,
M1Q,0.8762515487090066,
A15V,0.8762433276923435,
Q182N,0.8762427168764566,
V127T,0.8761899992266982,
G60M,0.8761637572393768,
E125P,0.876154819166163,
H88R,0.8760997990013588,
D37S,0.8760946676588252,
I32V,0.8760909179883477,
A38F,0.8760841680380578,
P121R,0.8760803729911336,
I84Y,0.8760322147233035,
S145M,0.8759560081051564,
P21A,0.8758435802136292,
G79W,0.8758353858250604,
P117T,0.8757637774441227,
N159I,0.8757145831260366,
D100E,0.8757092249012676,
V127D,0.8756894174028288,
Q129I,0.8756711374875369,
I111A,0.8756530401648938,
F139R,0.8756457073853887,
R128N,0.8756430260992818,
S145F,0.875614043320214,
R147Q,0.8756005113572352,
Y7S,0.8755628149417515,
M1C,0.8755197855710175,
G110Y,0.8755148985004954,
N10C,0.8754141698525726,
V161R,0.8754076842812233,
V136E,0.8753672989716059,
S119A,0.875334373875947,
G60E,0.875279151554996,
R81Q,0.8751928047953603,
L86R,0.8751225715653138,
T141R,0.875120577175364,
D5R,0.8751164134108425,
L167F,0.8750573278424383,
A178Q,0.8750241940694663,
R147D,0.8750206946487363,
R128Y,0.8750120560057303,
G60F,0.8749831425140507,
S70Y,0.8749052412078779,
A104T,0.8748744564132592,
A173S,0.87484226440535,
V127N,0.8748063958183669,
A173I,0.874647085362117,
R39K,0.8745917635933838,
L167A,0.8745720889637029,
P117E,0.8745447179995101,
N10G,0.8745419326464615,
P113E,0.8744920065992019,
L78G,0.8744728175246763,
I83N,0.8744702845950978,
R170S,0.8744576674973721,
G79R,0.8744262256952742,
R81H,0.8744242038620841,
C61D,0.8743493036508687,
L158P,0.8743059699590523,
T80R,0.8742778313992727,
Y120F,0.8742205214900401,
V3C,0.8742029885199756,
G110Q,0.8741928236523988,
L146C,0.8741845406846579,
V127E,0.8741688464117032,
C35W,0.8741640144993775,
L175N,0.8741235612609473,
I68G,0.874119611064614,
A165N,0.8740842440639853,
T114G,0.8740797773369582,
V42N,0.8740100562901614,
R103C,0.8740011339764322,
D37C,0.8739692930246291,
L131F,0.8739664095823744,
A53W,0.8739490814856103,
M1H,0.8739405080542642,
G110T,0.8738376214438108,
V67G,0.8737969712118228,
E108Q,0.8737578659527575,
P113Q,0.8737388135510044,
F18M,0.8737315269630921,
L71H,0.8736974351221412,
I68R,0.8736911220899765,
F139L,0.8736605342889159,
D90W,0.873639433697592,
A53E,0.8736326704332552,
A165Q,0.8736287085531661,
S27E,0.8736010188669825,
P23T,0.8735589774529049,
V42S,0.8734974931822563,
L86T,0.8734858311636412,
A123Q,0.873485423319048,
F151D,0.8734620922172214,
V62T,0.8734596592788552,
R128V,0.8733911943716681,
W115N,0.8733817297142956,
C35H,0.8733617203314249,
L94C,0.873296199187277,
R128T,0.8732857376066456,
L146R,0.873233489480842,
L77K,0.8732183625493336,
E108I,0.8732021422356517,
L158R,0.8730777835991254,
S145R,0.8730634000805465,
G20Q,0.8730524632699391,
I105M,0.8730483326546782,
P21K,0.8730299388906961,
I111P,0.8730132686165559,
M1R,0.8729174012262066,
L94N,0.8728685430198874,
A104M,0.8728544526820656,
A169S,0.8728337683585079,
T109N,0.8728165801950983,
V12I,0.8728156237574117,
V150D,0.8727817367897609,
E168L,0.8727763682398124,
A38W,0.8727757030808752,
P21G,0.8727167617932702,
P121E,0.8726765756509329,
N58Q,0.8725797012838592,
V161C,0.8725146909643859,
G110H,0.872497435143878,
T155Q,0.8724833496969309,
A72M,0.872481725111439,
N159Y,0.872474563512543,
L8H,0.8724300894318138,
E118W,0.8724211665746543,
M45I,0.8723775886108265,
H29W,0.8723757982790312,
R76P,0.8723736003743576,
A59R,0.8723735631493682,
E135I,0.8723456145185499,
A166V,0.8723012064646269,
I48Y,0.8722508258377506,
R132C,0.8722290698692393,
I84T,0.8722063995789058,
D98G,0.8721994852408886,
G47T,0.8721710638255316,
P23L,0.8721319025931246,
D37P,0.8721285526157831,
A53V,0.8721187936907927,
H29E,0.8721164482447378,
L131V,0.8720930304657459,
P121Q,0.8720876279513909,
R44T,0.8720783246928789,
S16A,0.872050389647822,
N10F,0.8720319477902398,
R170N,0.8719975092406274,
N10A,0.8719872897582854,
S27M,0.8719614580609947,
V63E,0.8719518681428912,
V136A,0.8719371504145524,
H88S,0.8718721805806515,
A38V,0.871867315519065,
T179N,0.8718471080557751,
T141C,0.8718164941700501,
A104I,0.8717913164913708,
A177T,0.8717903201115415,
A31D,0.8717775269423325,
A164T,0.8717760705485823,
E108H,0.8717566632867093,
L146M,0.8717405682337585,
C91H,0.8717389526148697,
T162W,0.8717167021246007,
S70Q,0.8717001215164945,
C35F,0.8716940454200299,
A173L,0.8716262655069923,
Y120N,0.8716078203888274,
A166T,0.8716000221610952,
A53G,0.8715980231519861,
H143D,0.8715845517815086,
R81A,0.8715751708124339,
Y14H,0.8715571509286378,
A166I,0.8715503289738064,
Y120P,0.8715135466084304,
T109A,0.8714364313744809,
V136S,0.8713637967250372,
V67R,0.871357039981866,
R170I,0.8713253253776548,
Y14L,0.8712976074330854,
T4N,0.8712610503196533,
P26Q,0.8712579120084928,
R44C,0.8712486035873909,
G156R,0.8711196602994175,
T64E,0.8710655753785109,
L77G,0.8709576718176448,
Y7A,0.8709415091075959,
I134S,0.8708657929354787,
P26Y,0.8708583204943341,
V153N,0.8708203879582964,
N58G,0.8708095617357969,
Q129E,0.8708027180437454,
M93F,0.8707640339433211,
L167I,0.8707309061480842,
A59W,0.8707121952924025,
N58K,0.8706871841751727,
G60H,0.8706685268473953,
T80W,0.8706267647565964,
L167C,0.8706169884418302,
A164G,0.87061691806758,
T114Y,0.8705646120664281,
R44V,0.8705067796487665,
G148M,0.8705058748369768,
L175H,0.8704724141905562,
N58C,0.8704113415685145,
A15T,0.8704096694328547,
R128F,0.8703826533287807,
D37I,0.8703387441440603,
M45S,0.8703250855617738,
V67L,0.8703149698746577,
Y7E,0.8702609985307265,
P121N,0.8702262912547297,
D99P,0.870205557207282,
D5W,0.8701345686088342,
L131G,0.8701306192276462,
V42I,0.8700870369163752,
D90A,0.8700767024984813,
I30A,0.870041433043628,
V55T,0.8700288428457124,
R128P,0.8699630285208084,
G156H,0.8699504619621194,
I105H,0.8699492191365569,
Q106D,0.8699131266562055,
V140N,0.8698862037504633,
N137R,0.8698780093618939,
L77R,0.8698680012740178,
Q129H,0.8698369866082959,
F18S,0.8697582524948754,
Y43P,0.8697295436047813,
S145N,0.8696731833403551,
E160R,0.8696491756675511,
N10H,0.869620904782443,
A123E,0.8696146903829153,
F139K,0.8695960281642637,
E108G,0.8695043109526729,
V12K,0.8694572406327109,
F18Y,0.8694539488024335,
G79F,0.8694327474047522,
L85D,0.869425408375796,
E135M,0.869400556211989,
P21I,0.8693907513671205,
I83E,0.8693709544655772,
S74F,0.8693615846368281,
V33Y,0.869345583869069,
I105F,0.8693205341682738,
A169N,0.8693188495337111,
I84C,0.8692933034091509,
R132N,0.8692864184163807,
T64R,0.8692442275589144,
A166F,0.8692199272487839,
E125V,0.8692043422053612,
G20D,0.8691443640523542,
A72L,0.8691191757767802,
V153K,0.8691092728427067,
A164I,0.8690900750732934,
P117K,0.8690530609348076,
V63P,0.8690301844125973,
R57M,0.8690265627200036,
I32M,0.8690255769370688,
P163L,0.8689758804891977,
A177F,0.8689440830118345,
T95L,0.8689158360376692,
A165V,0.8688955073893772,
F18V,0.8688862671688034,
G60R,0.8688804850682412,
L167K,0.8687920591434971,
I30K,0.8687917963948489,
H88E,0.8687851450771956,
V136H,0.8687718745042887,
A34G,0.8687685318632598,
E172M,0.8687682047180953,
E52C,0.8687659492097888,
N10L,0.8687552971567655,
G47V,0.8687410418877856,
R76H,0.8686404868659092,
G110N,0.868625157506538,
S145Q,0.868604798426138,
A178W,0.8685584337506856,
V124T,0.8685223942548086,
L22W,0.8685157956499147,
G60I,0.8685081887097202,
D126I,0.8684809603960341,
D126Y,0.8684550564224868,
A59H,0.8684065576954454,
G148D,0.8683923752461531,
I111T,0.868383842028665,
P26F,0.8683541161083826,
R76F,0.8683416060664668,
E118R,0.8682814893386809,
M36A,0.8682350466809513,
Y43W,0.8682317048550671,
Q129R,0.8682066532522653,
Q106F,0.8682030715018138,
R133D,0.868191117661018,
L167T,0.8681864718736392,
A59C,0.8681721516647148,
T80Y,0.8681372734798244,
C35Q,0.8681356043330315,
E135Y,0.8681100337540986,
C61N,0.8680814044765733,
P121T,0.8680811216209959,
E118H,0.8680532240726451,
D41N,0.8680479451887294,
E181H,0.8680150632957955,
R44E,0.8679860364988571,
Q129T,0.867967726151457,
F151H,0.8679482172680796,
L167V,0.8679422357285224,
A180C,0.8679279935018743,
I134F,0.867923133059447,
N11Q,0.8678803221477759,
A164S,0.8678792507745371,
A176E,0.8678634361317265,
T141W,0.8678631054542645,
G47D,0.8678626565806684,
A34T,0.867847058223198,
A169V,0.8678460072286035,
L22A,0.8678274398385742,
T179Q,0.8677858907725333,
V161F,0.8677691406141098,
I83S,0.8677631199475563,
E108N,0.867755981172741,
D98S,0.8677324101463472,
P21L,0.8677143370063614,
P23E,0.8677080560365968,
G60S,0.8677025342392458,
P25L,0.8676450227172967,
D41T,0.8676321246660004,
V150W,0.8675930204937958,
A154F,0.8675642314477033,
E50T,0.8675302211213284,
L158I,0.8674735883265035,
T109V,0.8674722686055248,
A59G,0.8673736120581134,
L146F,0.8673538219494509,
L86P,0.8673351382652938,
C91K,0.8673164502336936,
D37E,0.8672748851364522,
R170E,0.8672351598231819,
H29L,0.8671927295845788,
E135L,0.8671876555739633,
L175R,0.8671121562306177,
E52P,0.8670991981302507,
V55G,0.8670985490025136,
L175A,0.8669868800116852,
D41I,0.8669770232692044,
R170F,0.8669528927811063,
F101W,0.8669472419190112,
V42D,0.8669229565532199,
Q75R,0.8668972199562676,
F139H,0.8668679157380568,
C91Q,0.8668619197975908,
L78C,0.8668590064666597,
Y43C,0.8668344594390802,
I83V,0.8667846078417993,
Y120S,0.8667746271971637,
I30W,0.8667270411616538,
D98L,0.8667262833478159,
A165W,0.8667217130972774,
R133H,0.8666971413436108,
Y14A,0.8666906220795699,
D99A,0.8666402550384563,
E52T,0.8666366526376454,
A164R,0.8666303444963556,
R81P,0.8665873020832887,
N11K,0.866570575835808,
T162F,0.8665617787828096,
E168K,0.8665387378728727,
F96R,0.8665009765174433,
E82M,0.866496111727572,
D5L,0.8664708106901687,
G92F,0.8663792497148478,
V124M,0.8663740518020778,
V136Q,0.866368472129378,
A104P,0.8663602570904496,
N159V,0.8662796720527325,
E118V,0.8661661154560484,
S130C,0.8661264912208523,
I48S,0.8661203064382864,
F149C,0.8661197200767728,
P21S,0.8660821839732883,
A31V,0.8660665081769714,
S74N,0.8660456564768186,
E50H,0.8659298161134421,
A59Q,0.8659074153646381,
R69W,0.8658474190067095,
S145W,0.8658207308629448,
T4H,0.8657974410618362,
V127F,0.8657791790797507,
M45C,0.8657721544253415,
A15I,0.865745575511108,
R170Q,0.8657095395475295,
L85N,0.8656851177806812,
L94I,0.8656534488246328,
I84L,0.8656385811094743,
A178S,0.8655898753354114,
T95K,0.8655739756457266,
E118D,0.8655398957602474,
Y14S,0.8654981890993594,
R147H,0.8654894499217102,
S27I,0.8653929790517862,
V3T,0.8653114373046669,
A53N,0.8652699010092421,
D126V,0.8652647299962815,
P163S,0.8652627978291251,
I83W,0.8652312818487625,
I56Q,0.8651683256965947,
A178H,0.8650824019976064,
D37A,0.8650730424940369,
G20K,0.8650497741584338,
A104G,0.8650419628883693,
M24A,0.8650406407219535,
E135F,0.8650090619753685,
D122G,0.8649752828786725,
I111F,0.8649649199306774,
R128I,0.8649363357578842,
I32L,0.8649344090250324,
L22M,0.8649007320932711,
D90K,0.8648612896355788,
N11S,0.8648461599869179,
V33T,0.8648238673807846,
G20W,0.8647373804160792,
I111G,0.8647262718814324,
E108F,0.8647055851124382,
M1N,0.8647037958675038,
V153L,0.8646528065984631,
R57C,0.8646118838360773,
V140R,0.8646071429483609,
Q75M,0.8645904935962959,
P163H,0.8645888399372725,
Q106S,0.8645804075261423,
A173W,0.8645568375866093,
T141L,0.864552259999759,
V136F,0.8644315404456028,
S74H,0.8644000587013627,
C61L,0.86438844233091,
A31R,0.8643433354253589,
I111M,0.8642488991592414,
Q129M,0.8642446864859751,
N58W,0.8641883224175346,
L78K,0.8641816985431219,
F18L,0.8641745339553583,
I73R,0.8641353439211339,
I73N,0.8641229221866747,
D90H,0.8640891316779382,
G20N,0.864043386513261,
M24V,0.8640022569755682,
A173G,0.8639452587237298,
E181R,0.8639305825678246,
P163Y,0.8639241290588753,
Y14N,0.8639111628070505,
L8R,0.8638847588774395,
Y120V,0.8638715741665527,
V3K,0.8638376809494506,
E82K,0.8638375673724756,
L94T,0.8638229735462915,
D5M,0.8638060546526964,
S145V,0.8637943323132959,
R57S,0.8637856950288656,
M24R,0.8637661752768788,
L85C,0.8637505847991506,
T95I,0.8637329953123136,
L85P,0.8637224970501228,
Q106H,0.8636906588154719,
C61Y,0.8636833273945429,
L167S,0.8636706708981055,
E174A,0.8636640451216858,
V140G,0.8636101637155034,
E135Q,0.8635913770512661,
I134L,0.863586471504107,
P23V,0.8635849615824515,
R57T,0.8635826522745249,
A173M,0.8635752779225859,
D66R,0.863546709780993,
H54Q,0.8634952539768642,
F149E,0.8634935220638482,
V136I,0.8634707583034682,
G92W,0.8634479078659224,
A154K,0.8634138912900962,
S27A,0.8634103877936371,
V62P,0.8633985926345482,
S145Y,0.8633936324726236,
E135H,0.863375339786715,
R81W,0.8633555208762353,
H29C,0.863270643824398,
G20V,0.8632095894072779,
A72D,0.8632069858317335,
P163F,0.8631807077062841,
Y43H,0.863178451926262,
L158T,0.8631667342060205,
D90T,0.8631632801617374,
R81Y,0.8631044904912426,
I56H,0.8631010858991354,
Y120K,0.8630806936694739,
S27W,0.863070254369493,
Q75P,0.8630588635226996,
D152Y,0.8630463572847965,
M1W,0.8630209404966959,
F151N,0.8630201066025872,
P163R,0.8630189221958042,
S27L,0.8630005604942211,
T80L,0.8629686877517335,
M45T,0.8628942703785211,
V42T,0.862885148897512,
G17M,0.8628728850296136,
W115L,0.8628619433281319,
I73Y,0.862857860806471,
D41Q,0.8628574439952742,
I83H,0.8628481116632295,
D6G,0.8628231643990845,
S145A,0.8628078141176391,
A169C,0.8627888481213355,
A72Y,0.8627724770056889,
D126M,0.862751386739545,
L131I,0.8627159607767071,
M24S,0.8627051690620445,
G156K,0.8626985927378007,
A154Q,0.8626924449085098,
T114M,0.8626855740449322,
T95M,0.8626737261730852,
L175E,0.8626579498421243,
A9N,0.8626371541153148,
L131W,0.8625893501641724,
D122V,0.8625606203520043,
G47S,0.8625530916658023,
E118Q,0.8625347962627409,
A166M,0.8625340430680624,
T141Q,0.8625025488249208,
V153S,0.8625021548378055,
E135W,0.8625019556705257,
T141I,0.86245108514105,
G92I,0.862419511013624,
V63G,0.8623762447071899,
E50N,0.8623535271384027,
N58F,0.8623407554346986,
A34C,0.8623384325410092,
D122I,0.8623219684987459,
A72W,0.8622858635194933,
Q106T,0.8622800675614531,
I83C,0.8622572861395819,
E118N,0.8622226649973205,
R133Y,0.8621976177419617,
D126W,0.8621440379397085,
I48C,0.8621417971040255,
S70V,0.8621246130163448,
I134P,0.8620212837817456,
E50A,0.8620043618992826,
P121H,0.8619991196969259,
L78T,0.8619716941179674,
V55P,0.8619354842566277,
V63S,0.8619322948629993,
I83G,0.8619161093288699,
V124L,0.8618855035946023,
A15C,0.8618509093521501,
F96N,0.8617932030103652,
D90V,0.861788756661982,
D41V,0.8617660850130718,
L94Y,0.8617015417721166,
H54E,0.8616337422955808,
P138E,0.8616027757234589,
A166S,0.8615603367899675,
Q106Y,0.8615410577776933,
T95A,0.8615341236044628,
A165Y,0.8615339385663766,
P21F,0.8615159531904175,
V55W,0.8614884124041918,
A180H,0.8613698105987093,
L175S,0.8613592476682881,
S70F,0.8613201557232709,
G60T,0.8613192658558207,
F149A,0.8612841523655226,
S27P,0.8611665064542963,
V153D,0.8611375043834459,
L78E,0.8611345880636461,
H88Y,0.8611315443093936,
V150C,0.8611113132068765,
A173Q,0.8611096372672025,
F149Y,0.8610744028636175,
I73V,0.8610645871501396,
A176R,0.8610606323346468,
G47E,0.861055221397119,
V124K,0.8610358114180937,
I83M,0.8610346658665913,
T162H,0.8610074563012577,
G20S,0.8610067710353931,
D90I,0.8609705465014291,
V42W,0.8609695455024408,
P23S,0.8609542674972525,
T144I,0.8609178285799556,
F149T,0.8609102580496042,
Y120Q,0.8608664651590123,
G20P,0.8608153593241287,
V62S,0.8608075920719352,
I30N,0.8607903577169326,
Q106G,0.8607732820436369,
D66W,0.8607035672462909,
Q182H,0.860682973947343,
V150H,0.860662630898143,
G148E,0.8605944752029121,
M24I,0.8604974522075963,
E174C,0.8604921763125485,
D152N,0.8604781367854787,
P25G,0.8604750479264941,
V33I,0.8604731092381716,
S27T,0.8603435021498378,
A123W,0.8602888390188745,
I105P,0.86023932298993,
H143E,0.860188562505131,
T89W,0.8601884021931329,
L78Q,0.8601626560861467,
G92Y,0.8601623612750984,
L158F,0.8601432482808434,
V67H,0.8601368129768155,
D122Q,0.8600365663517501,
D98R,0.8600106039594234,
G148S,0.859999581015081,
A123D,0.8599896957424985,
R69H,0.8599608605048128,
V3L,0.8599489169891966,
M24N,0.8599385654532421,
I30Y,0.859927289270285,
S145I,0.859899016754886,
A177W,0.8598988942113067,
I68K,0.8598256011958074,
R147I,0.8598103672084898,
F96V,0.859802302428096,
C61H,0.8597805516221743,
I48T,0.8597352906540762,
T64G,0.8596515958353004,
P23C,0.8596243675216141,
T80I,0.8596159552174132,
G17V,0.8596085096760782,
T162Y,0.8595834942114048,
E174M,0.859580305904638,
G51D,0.8595739572777755,
V42F,0.859552937114167,
L78V,0.859529225882703,
I68V,0.8595129093818215,
N137H,0.8594722287177256,
G51P,0.8593838182807513,
Q129C,0.8592955328327934,
A38I,0.8592525040054896,
L8Y,0.8592458823047988,
S119R,0.8592378446959301,
G79C,0.8592296926949403,
R57F,0.8592159786827424,
D122M,0.8591806480919579,
R57E,0.8590874758451926,
A53Q,0.859050754072318,
V150Q,0.8590253598365833,
M24T,0.8590244398087401,
F96G,0.8590102060052649,
T95P,0.8589805072565084,
E125F,0.8589583282273502,
L85Q,0.8589361282761178,
G17H,0.8589324973452057,
T2Y,0.8589133403330799,
V42M,0.8589088472496732,
E82R,0.8588503081006409,
V140E,0.858847608337897,
I56D,0.8588170123853784,
L78P,0.8587724701041214,
C61A,0.8587694105903839,
R57D,0.8587657054812081,
R132W,0.8587654943584573,
A164P,0.8587187528139508,
P26I,0.8586906332742386,
I134C,0.8586636008672492,
D5G,0.8586559115973336,
T95E,0.8586449606575328,
F101P,0.8586383601506314,
P25H,0.8586111293915092,
R76Q,0.8585956620007902,
A164W,0.8585504355405282,
L94H,0.8585434641423083,
T155R,0.8585221361253191,
V140I,0.8583618349952612,
T64V,0.8583426296178203,
L158E,0.8583077313260017,
R69M,0.8583056953636189,
L86S,0.8582690988514753,
I30C,0.858266224104109,
V62Q,0.8582186997479622,
I48H,0.8581674409373907,
V161L,0.8581311438554551,
D126G,0.8581039457021623,
L71K,0.858084375954569,
S145T,0.8580095126966282,
D41A,0.8580080451625526,
A176S,0.8579633194734998,
D152K,0.8579481009739516,
V3R,0.8579374375088878,
A34R,0.8578962571604438,
H29R,0.8578576091981475,
V150G,0.8578404161438633,
T162C,0.8578310944087135,
Q75Y,0.857751686441468,
T109D,0.8577378838500977,
P113V,0.8577354414016979,
Q129N,0.8577189770877198,
H88D,0.8577123301175105,
Q129A,0.8576783458757992,
C35I,0.8576745011049839,
R76E,0.8576732131746891,
I30F,0.8576383939520095,
I73H,0.8576015887625522,
P117V,0.8575326796009277,
L22H,0.8575034126077066,
A59K,0.8574987198135898,
E168R,0.8574984605972392,
D122A,0.8574165042126457,
G92K,0.8574147527361311,
R112W,0.8574087323412928,
V124I,0.8573781059566662,
D98V,0.8573558138939632,
I30E,0.857319849663211,
D98A,0.8572933514484076,
S145P,0.857186580940142,
A9C,0.8571340507739074,
S74P,0.8570745875213026,
R112A,0.8570545868333187,
R112S,0.8570532054329782,
R69G,0.8569912660392831,
L8V,0.8569746596182277,
V153T,0.8569693185115193,
G79A,0.8569357866757029,
N11F,0.8569211398650448,
G156C,0.8568883799722593,
T4D,0.8568752006956777,
E118K,0.8567691841972364,
L167E,0.8567653682282369,
L167G,0.8566885372084414,
D90S,0.8566874957238807,
V42L,0.85667797319116,
P163T,0.8566608132861364,
V33Q,0.8566559082824073,
P163C,0.8566381247908808,
E52F,0.8566155237879356,
N10V,0.8566120865899982,
Q129L,0.8565665033676114,
R76W,0.8564669142934552,
I134Y,0.8564572110700922,
D98Y,0.8564365188667926,
D98T,0.8564357300774161,
A169W,0.8564114425379026,
P21Y,0.8563903310779694,
G79Y,0.8563885469956248,
E108P,0.8563239874517543,
L158Q,0.8563235081460496,
I134E,0.8563096705034124,
S27N,0.8562794378341856,
C91S,0.8562409129588986,
T162G,0.8562130510052449,
R133I,0.8561960595636781,
I83K,0.8561653820965835,
S27R,0.8561049143126926,
P163M,0.8560925077942874,
S74C,0.8560802814230941,
T2H,0.8560598883782871,
A59M,0.8560457896172919,
Q129Y,0.8560205051545197,
T109I,0.856015920231357,
A180M,0.8559865467257572,
Y7D,0.8559802597782568,
F151M,0.8559219602820769,
A169Y,0.8558711000777802,
D5K,0.8558528535834645,
V62W,0.8558450534537256,
R44M,0.8558114672748596,
H88K,0.8558028346095881,
T64L,0.8557152586101531,
A169Q,0.8557039981866806,
F101R,0.8556813518072888,
I134T,0.8556415205250708,
H29Q,0.8556021587668079,
V136C,0.8555629065097915,
Y14C,0.8555571024002943,
S27G,0.855540175355241,
D99Y,0.8555059517323936,
F149N,0.8554830711344547,
Y7M,0.8554311876505193,
V136Y,0.8553755343891783,
V127G,0.8553593629842413,
T179S,0.8553333389125524,
D5C,0.8553329085155934,
A164N,0.8553065426261174,
V42H,0.8552931511399234,
L131H,0.8552840014005284,
T4Y,0.8552500918805115,
A9T,0.8552482262835918,
R112I,0.8552106059483787,
I68Q,0.8552055042228076,
I56A,0.855197201691568,
D126R,0.8551769135288485,
L8P,0.8551632209821554,
Y120W,0.8551325456887834,
L77I,0.8551221042150803,
S74E,0.8551108331947124,
D126K,0.8550966866118336,
W115C,0.8550379061796576,
P113A,0.8550361745383563,
G148A,0.8550121511060678,
L22R,0.8549818638220753,
A9Q,0.8549712913816214,
Q106A,0.8549592696120121,
T141H,0.8549370875939866,
L94G,0.8548451818120104,
V161Y,0.8547970262613329,
D100P,0.8547918038941897,
L158D,0.8547907368683951,
I30G,0.8547209231666968,
A177N,0.8546610950005086,
T162M,0.8546608958332301,
S27F,0.8546606776458826,
D100R,0.8546121319121024,
L131C,0.8545133327141841,
L77M,0.8545074345912093,
G51M,0.8544685290428546,
P25K,0.8544257175877532,
G17R,0.8544097320360481,
A31W,0.8543998475786112,
D90E,0.854387510619311,
V127M,0.8543568027201083,
Y43F,0.8543498587651288,
D98P,0.8542888410295677,
I32K,0.8542702500003115,
E125Q,0.8542651273526667,
T162R,0.8542586765608692,
F151K,0.8542471085557313,
I73K,0.8542374186464147,
C61T,0.8541258452993554,
C35P,0.854106850501235,
T80K,0.8541034616686127,
S119P,0.8540044369470351,
P163Q,0.8539743692089661,
T4C,0.8539458067733929,
D100I,0.8539324734342633,
S119Q,0.8538763280966013,
I134N,0.8538319523767934,
V150N,0.8537648938677507,
A15K,0.8537269406813537,
A38M,0.8536587260239134,
R147G,0.8536341836154939,
A180F,0.853582121614638,
G17Y,0.8535231977168088,
I134R,0.8535180720802957,
L77A,0.8534990664135651,
V62G,0.8534808316030051,
A15Q,0.853447758965964,
A31S,0.8534276148123285,
T155N,0.8533871267943458,
L86V,0.8533868031814807,
D152H,0.8533618616233558,
A9P,0.8533083554559354,
Q182P,0.85328230828845,
D99V,0.8532776046257234,
G47W,0.8532208650468046,
N137G,0.8532178498226533,
F101V,0.8531789635660815,
V67K,0.8531490267947645,
L40M,0.8531337759611013,
G79L,0.853103922878081,
E125R,0.8530987812103679,
A165M,0.8530209024565605,
V63D,0.852985677563009,
I56P,0.8529277622721956,
D5T,0.8528451643678916,
E82N,0.8528432615459819,
D126C,0.8528394363386645,
V33H,0.8528360676129705,
N10T,0.8528212501651342,
H88A,0.8528200877672861,
A176V,0.8527972903142144,
G148V,0.852788534561935,
L175Q,0.8527721072012306,
I83D,0.8527033890554284,
G51C,0.8526248709556338,
L131R,0.8526220592462059,
F96T,0.8525781487029096,
Q75K,0.8525559468496702,
F149M,0.852536330910484,
T80V,0.8524311377092559,
R57H,0.852372446943113,
Y14D,0.8523723189652295,
R112H,0.8522647088568351,
L86D,0.8522412152692883,
S16H,0.8522397917530826,
D122K,0.8522389317743102,
R128E,0.8522155099195896,
A169E,0.8521962751969019,
V140Q,0.8521319626421954,
I56S,0.852128018423598,
G148L,0.8520673501138506,
V161D,0.8519982488495436,
L77E,0.8519776425082636,
E82S,0.8519715300019552,
T114I,0.8519489936672409,
T144Q,0.8519183181021533,
L158N,0.8518476974061565,
M45W,0.8518304462048084,
L22T,0.8517474787677624,
D5S,0.8517447175973715,
R81G,0.851733409895445,
G51E,0.8517272952154145,
T114C,0.8517093188060582,
S27Y,0.8517061389224646,
L22V,0.8516787396998855,
G79M,0.8516463963465811,
N10Y,0.8516245012598614,
G148F,0.851604865757177,
L167H,0.8515975976459018,
V140W,0.8515418248298497,
V67Y,0.8515404004984994,
I134A,0.8515270791148403,
L77S,0.8515134121093807,
D122N,0.8515113008818731,
L167W,0.8514924212910197,
S116G,0.8514619443497813,
Y7G,0.8514325572584187,
A166R,0.8514183155752012,
T114S,0.8513566940883508,
L94M,0.8513338553345605,
Y7L,0.8513038373203827,
V55I,0.8512837100130922,
L158H,0.8512804059556283,
H29Y,0.8512416561001132,
T2I,0.8510990656418937,
P121V,0.851066469593405,
L131Q,0.8510117450547955,
R133S,0.8509417145243257,
L94F,0.8508972754948649,
A165T,0.8508779008388225,
Y14V,0.8508596942866482,
W115D,0.8508449751997336,
I73P,0.8508409040901124,
D122T,0.8508326792694351,
A123M,0.8508205251744988,
G60C,0.8507715321974146,
A104H,0.8507347837964448,
G51S,0.8507298326011237,
T109K,0.850720980389929,
N58H,0.8506900725083011,
I68P,0.8506856661020599,
I111K,0.8506753892877994,
G51Q,0.8506725373645149,
G20M,0.8505374182605795,
D100Y,0.8505144469097465,
G51N,0.8505062718129602,
D98N,0.8505046847241735,
L131S,0.8504348623275871,
T4R,0.8503855343255967,
A9W,0.8503725357396573,
T80H,0.8503003768636195,
W115A,0.8502800669636795,
V33C,0.850277898675969,
E108C,0.8502248288832436,
A178M,0.8501466751536013,
T162A,0.8501195826975415,
V62C,0.8501175581471995,
T89K,0.8500945012060618,
A31I,0.8500914240308335,
G60W,0.8500643033163873,
I73M,0.85001838588424,
Q106N,0.8499647376097434,
P121M,0.8499081154118129,
W115E,0.849867973559062,
T97L,0.8498449562883519,
E52K,0.8498215920372645,
T109L,0.8498135555152563,
H88V,0.8497837051493888,
A165S,0.849712689107701,
D107T,0.8496544023821376,
Q75N,0.8496365496032215,
T109Q,0.8496096837576824,
T162P,0.8495724878416928,
D90M,0.849565674310034,
A123C,0.8495084711848955,
V33R,0.849505599969828,
A177R,0.84948811183278,
E118P,0.8494626806437711,
T95W,0.8494577935732491,
A164H,0.8494388862674398,
G60K,0.849406497809404,
D6C,0.8493961424694354,
P121L,0.8492906759226644,
A53P,0.8492703983568394,
E108Y,0.8492132180557823,
L94K,0.8492110185208174,
D107S,0.8491911034231385,
S74A,0.8491841094725529,
A154Y,0.8491461511235664,
A176F,0.8491276003081677,
Y14T,0.8490693206472014,
S16V,0.8490663896547781,
R170L,0.8490281277998551,
H88C,0.8490225579089048,
R112Y,0.8490080638022184,
T114V,0.8489868694691336,
E160L,0.8489515478449525,
S16E,0.8489192925273897,
L8S,0.8488954669038048,
S119G,0.8488787238099775,
L86I,0.8488756613073721,
P138Q,0.8488237585316548,
I73C,0.8488205077303798,
P23F,0.8487448108500456,
Y7K,0.8487377345697386,
P23I,0.848716121251735,
F18W,0.8486896762931209,
A15D,0.8486565745825483,
V150L,0.848650831065552,
N137M,0.848638550351308,
T95R,0.8486016144668147,
A72V,0.8485947229528793,
P23N,0.8484706161963911,
A165F,0.8484666630111901,
A164E,0.8484136038153597,
S74V,0.8483773950408809,
V42Y,0.8483662932991156,
H143R,0.8483408960745131,
V140H,0.8482845178768796,
N159Q,0.8481542719859887,
F96H,0.8481050624518482,
L131M,0.8480963365882461,
L131D,0.8480680917878027,
D126S,0.8479966333936845,
D122W,0.8479899780003022,
V67C,0.8479645813191304,
P121W,0.8479631597049319,
P113W,0.8479562861242023,
G156S,0.8479283825981158,
A9R,0.847897251909981,
L86E,0.8477621982894216,
R81F,0.8477369755060105,
D100W,0.8477208310008838,
T97I,0.8476736938389701,
I30L,0.8476708215370414,
M24Q,0.8476627374648649,
F151W,0.8476326534238805,
F151E,0.8476212699133988,
G47Q,0.8475493531356503,
A165R,0.8475005294371681,
A173R,0.8474784900696493,
I32N,0.8474186510348513,
A165C,0.8473973439399366,
A166Q,0.8473739791454191,
R44N,0.8473647549560448,
V67W,0.8473304688386889,
V150I,0.8473262629583037,
L77F,0.8473243441051937,
R112T,0.8473147229398365,
T4M,0.8473071230642388,
N137W,0.8473034214873606,
T141E,0.8472897743171152,
E82Q,0.8472641214084605,
Q75I,0.8472257557583114,
Y14I,0.8472206135471676,
E125M,0.8471705222970344,
R69K,0.847160260427113,
A53C,0.8471459298930085,
I68N,0.8471270413355515,
V63Q,0.8471172025262775,
A165I,0.8470967687241827,
M24H,0.8470810902107131,
R69T,0.8470044708570985,
V62K,0.8469973815344592,
Q75C,0.8469069288856511,
I48Q,0.8468725925009732,
V62R,0.846869828885146,
G47M,0.846839599748217,
D100V,0.8468144131029349,
E160T,0.8468092429051203,
E118C,0.8467228871788817,
L131N,0.8466775300235837,
H88G,0.8466653528328507,
T95F,0.8466235127597749,
D126F,0.8466083355609447,
N10M,0.8465898347411528,
E118T,0.8465634522770464,
H88T,0.8465532208392329,
L94Q,0.8465032950636882,
E125H,0.8464988413789933,
G47R,0.8464785325659147,
Q106E,0.8464502630393832,
V153I,0.8464165002456028,
P113K,0.8464091541520503,
L8F,0.8463480926703337,
R103K,0.8463129987435335,
R76L,0.8463082206308274,
H29T,0.8462932004834136,
H88I,0.846263906590382,
D6Q,0.8462304983850055,
D107Q,0.8461889343746253,
C61S,0.8460833273510684,
M1Y,0.8460675618887182,
R76Y,0.8459555839576484,
E52M,0.8458810769184026,
A165K,0.8457527324908456,
I56Y,0.8457286886799126,
Y7N,0.8457224044495649,
T2F,0.8456509031244367,
E52V,0.8455951161791916,
V150P,0.8455887115789875,
V33N,0.8455689076128463,
V42E,0.8455668803453514,
L86C,0.8455584482059371,
D5Q,0.8455308438383426,
P117C,0.8455181854398985,
V55D,0.8455082208264632,
M1A,0.8455068068202911,
Q182L,0.8455053452639507,
A123G,0.845494139726959,
R147W,0.8454933422426946,
D152A,0.8454377150660177,
T144L,0.8454138274913554,
F101Y,0.8454084361173254,
D99G,0.845397880794932,
E125C,0.8453704948863995,
D6I,0.8453591284939793,
R44F,0.8453539142782935,
D99W,0.8453385525848078,
G47N,0.8453227556034878,
V136W,0.8453096806655624,
P163A,0.8453060573426776,
Q75A,0.8452994644438033,
F149G,0.8452369829781794,
V127K,0.8451847057788449,
T179A,0.8451487450803907,
G148N,0.8451316099014552,
A59N,0.8450809089222966,
Q75H,0.845029080868273,
E50K,0.8449851034830249,
C35Y,0.8449744834924011,
V63K,0.8449119721380999,
A15N,0.8448930523333896,
V3G,0.844885229107854,
I105L,0.8448585146077104,
C61M,0.8447498556784434,
F149K,0.8447277239277389,
S74R,0.8446887594171746,
D107K,0.8446847551495064,
F101C,0.8446661160266502,
F149S,0.8446648721142269,
C35L,0.844636501509622,
W115M,0.8445972500677518,
A38L,0.8445963525922742,
I30M,0.8445660163995362,
G20I,0.8445608842418574,
E125T,0.8444815015441297,
F96Y,0.8444793957509273,
D126Q,0.8444527611350668,
Y7H,0.8444481906128138,
I56K,0.8443747563053827,
A164M,0.8443737792173363,
R44H,0.844370748505416,
C35G,0.8443480026782421,
G148K,0.844346928587851,
A104R,0.8442982488984521,
D99E,0.8442879400217922,
M1I,0.8442223069309612,
A177G,0.8442091822691442,
A178V,0.8441987462297464,
G20C,0.8441405997092534,
R133M,0.8441240723573361,
E125Y,0.8438741723077916,
S16Q,0.8438357398156906,
D107R,0.8438008018534454,
R147Y,0.8437101291152826,
C61F,0.8436178760812154,
L131T,0.8436001917657557,
Y14M,0.8435830071346438,
Y14E,0.843560426782059,
T97G,0.8435270666702819,
V63F,0.8435146500984118,
N159L,0.8434843956919648,
V55S,0.8434065576954457,
T144A,0.8433180532449939,
T179K,0.8433044631349514,
P138A,0.8432880895738666,
D99T,0.8432203688947548,
D107H,0.8431653446542221,
T89N,0.8431138029880738,
F96Q,0.8430935471594694,
M24C,0.8430556390778046,
I134W,0.8430017326738185,
A177S,0.8429869500055338,
A166L,0.8429820031576566,
T4K,0.8429698501495813,
D99H,0.8429592418427139,
V153M,0.8429143669819881,
R112M,0.842882462992246,
R170V,0.8428227698685388,
E52Y,0.8427957725128169,
W115Q,0.8427894108436229,
M24G,0.8426129290703094,
A177M,0.8425540864153399,
S70H,0.8425092148151976,
I84F,0.8424216958759654,
A164Q,0.842306715491361,
S74K,0.8422902454713624,
A15H,0.8422874310447821,
G47K,0.8420670284029923,
T114N,0.8420612661376436,
I56E,0.8419693011217427,
L77D,0.8419612485685352,
P117N,0.841932992627767,
G79H,0.8419093860066745,
I32P,0.8418126273902985,
V62Y,0.8417546384646519,
R147V,0.8416227174492323,
P163G,0.8416120941980257,
I134Q,0.8415897317610724,
G20T,0.8415823642020155,
T179H,0.8415740570516163,
F96A,0.8415548916163178,
V127P,0.8415260718664009,
T2W,0.8415256181019304,
V63T,0.841495034376598,
V161W,0.8414247492489377,
Q182A,0.841401315710461,
R147P,0.8412277260742899,
I30H,0.8411997546193893,
S74L,0.8411780904906341,
A59I,0.8411491935735859,
I73G,0.8411122900232076,
V161E,0.84096491873513,
D99Q,0.8408221902455637,
G60Q,0.840781424806309,
D66P,0.8407649219087646,
T64C,0.840729967371889,
F101E,0.8406172908609054,
A176Y,0.8405007464833107,
A180Y,0.8403641862016792,
P23M,0.8403569879212239,
G17I,0.8403266992786554,
L167Q,0.8403119698665604,
E108M,0.8402883784615227,
T64W,0.8402864006462035,
Q182Y,0.8402601964273024,
D41G,0.8402562310149149,
E160I,0.8402438418862859,
I68H,0.8402386148999839,
E160S,0.8402232779325854,
I56T,0.8401743523408833,
M24F,0.8401718297364841,
G156M,0.8400773758088752,
T162V,0.8400576601501917,
G148Y,0.8400328789040653,
H29S,0.8399938016316714,
G17Q,0.8398405827596557,
R133L,0.8398363168301995,
V136N,0.8397745567685706,
A31G,0.8397049343544098,
N137S,0.8396463802610383,
A72N,0.8396322570456712,
T114P,0.8395898001789726,
T114L,0.8395787641922982,
A169M,0.8395509014234992,
E82W,0.839524307564927,
A169K,0.8395107614727548,
C61I,0.8394951709950265,
A154E,0.8394922864659116,
R57K,0.8394666745862601,
R133N,0.8393801156170124,
T114R,0.8393031484678761,
Q75F,0.8392990279060794,
A53H,0.8391668732155437,
P121I,0.8391596792825318,
V67A,0.8390901707170619,
T97E,0.8389995267807167,
E125W,0.838987582993385,
G110R,0.8389373928389006,
V42R,0.8389248376922523,
V140C,0.8388569355073517,
F151Q,0.8388125038142021,
A9L,0.83880811751489,
A72K,0.8388072135182462,
R69I,0.8387760426162544,
T64Q,0.8387011953895134,
V63H,0.8386940951982642,
R133C,0.8386531148322447,
H88F,0.8386108916406633,
E135K,0.8386042579845013,
T144K,0.8385958353551206,
R147F,0.8385767267083097,
E82T,0.8385575743153433,
T2R,0.8384890906598039,
V55K,0.838388002260888,
Y7I,0.83834866251156,
V55L,0.8383341643291453,
L77T,0.8383259373347454,
T97S,0.8383079652728337,
D126T,0.8381752831829933,
G79E,0.8381629263884787,
D13E,0.8381395390415954,
E160V,0.8381091221494281,
A180L,0.8380981603410175,
R69V,0.8380898947630522,
E82F,0.8380810094025972,
P25Q,0.8380802260475257,
G148C,0.8380467208398035,
S16C,0.8380220887653508,
E181N,0.8379821110286116,
A165L,0.8379059457111834,
L78F,0.8378298741355171,
A165H,0.837751450049199,
D99S,0.8377169348758858,
R128K,0.8375792719737618,
R133W,0.8375388138444564,
A72R,0.8375371403502198,
I134H,0.8375275678218926,
S16N,0.8375120716293567,
I56M,0.8374828758255313,
D65N,0.8374601297266426,
L131E,0.8374029562184663,
E125S,0.8373510259995078,
Q182F,0.8373369756038278,
E82C,0.8372521811534276,
E160N,0.8372292722971024,
D98Q,0.8371826000399857,
D37V,0.8371470352306534,
A176N,0.8371320050297743,
M24W,0.837031091615481,
R112F,0.8369910250278543,
E172K,0.8368890448594812,
R112N,0.8368615448305434,
L77W,0.8367550354406349,
C35R,0.8366095256737487,
G17K,0.8365827424296457,
T97D,0.8365496401756427,
N137Q,0.8365416022950585,
E160K,0.8365222273673009,
I134K,0.8365025187732141,
S74Q,0.8364427846205035,
L8I,0.8364323121712617,
G92H,0.8363759850560953,
G47A,0.8363496827479879,
S70P,0.8363405601801182,
D126H,0.8363192272722544,
T89I,0.8361343677025767,
D13H,0.8361212865152006,
S116D,0.8360903870567458,
G17N,0.8360684215957758,
A72P,0.8360606855908359,
R76M,0.8360388456623126,
T162K,0.8360284063623318,
L22N,0.8359881876141644,
E125K,0.8359661498769371,
V63W,0.835877280512902,
I84M,0.8358771506330115,
D122P,0.8357146662709038,
S119K,0.8356810844394813,
L158W,0.8356803861312835,
A176I,0.835651682403779,
D65P,0.8356266802531533,
E181C,0.8356128885303932,
G17L,0.8355791246497517,
S70T,0.8354849429808255,
A169L,0.8353773766185866,
T97N,0.8353392117660092,
R147M,0.8353350164825183,
P117Q,0.8352685030342708,
A31Q,0.8352378410549458,
F96K,0.835179000573699,
V63M,0.8351440848921042,
N10R,0.835119354728445,
G17E,0.835060238456218,
E160P,0.8350414968967123,
L78N,0.8349973763175264,
A72T,0.8349596695768631,
L175V,0.8349259801462006,
S119T,0.8348718406105284,
H29A,0.834865477039327,
T144M,0.8347989801657101,
E135A,0.8346678389730635,
L8K,0.8346610436463264,
A123K,0.8346569461803268,
M45Q,0.8346436641953794,
V136K,0.8345909169286589,
L158Y,0.8345253596463829,
L158K,0.8344944756756965,
T95S,0.8344756346684093,
G156N,0.8344640566098072,
A164C,0.8344575886999493,
A123T,0.8344520595662865,
Q106M,0.8344184217615219,
T95N,0.8344025166375317,
H88L,0.8343729624412888,
R147T,0.8342401178657286,
R57N,0.834229044110634,
E82D,0.8342148206323384,
I68F,0.8342021087059902,
T95Y,0.8341279233776022,
V140L,0.8340759822900341,
A15E,0.8340613892789959,
T95D,0.8340381676784159,
D122L,0.8340102130698618,
I68Y,0.8339872580219437,
E82G,0.8338891326778501,
D6N,0.8338561910075615,
F96W,0.8338486778091289,
F96C,0.8338313904696526,
D126A,0.8338027364660391,
D100T,0.8337696192676975,
D13F,0.8337613890127148,
T64M,0.8337320894136633,
N159M,0.8337245175247361,
T179C,0.833706218045946,
V150K,0.8336926537488519,
V140F,0.8336900553358976,
S116A,0.8336885125366967,
G17P,0.833589495151431,
E82H,0.8335234512271391,
R147K,0.8335108566817793,
G20H,0.8335005733463522,
R44Y,0.8334941013607655,
V63Y,0.833326404956694,
G20Y,0.8331952863164139,
G92Q,0.8331528726524404,
I111L,0.8331273651114462,
L86A,0.8330333228324441,
M1S,0.833016091738024,
D122F,0.8329877336323211,
R69S,0.8329671960350001,
D41E,0.832887754103348,
T162Q,0.8328050162656894,
P163V,0.8327182051446885,
A31F,0.8326947504124224,
Q106K,0.8326277704290871,
V153G,0.8326016373995826,
Q182G,0.8324480756229188,
V3P,0.8324209706679574,
R76K,0.8322821146641617,
E108A,0.8322698820435176,
A154C,0.8322392132713113,
A154W,0.8322324823410894,
E82A,0.8321856913444067,
A72I,0.8321831152121032,
L175I,0.8321650089228563,
S16T,0.832158767351803,
T162I,0.8320184870166568,
P163K,0.8320019767828011,
L8G,0.8319999264195092,
S16R,0.8319779582413867,
L8E,0.8319328934516996,
M1G,0.8319247949786148,
N10I,0.831884102630763,
G17F,0.8317515914498163,
T95C,0.8317508887941745,
Y7F,0.8317474486073688,
D90G,0.8316852616810791,
D66K,0.8316543195633287,
T2L,0.8315363437897869,
F101D,0.8315159768296442,
D122S,0.8315013438764643,
A9F,0.8314745839998732,
R57Q,0.8314055259382905,
G47C,0.8313973886099244,
T114A,0.8313764135510473,
V12L,0.8313735803761152,
A38C,0.8313440788926314,
D100M,0.831331341153334,
V55E,0.8312751588623971,
R170M,0.8312224852305092,
Q129K,0.8312094456155673,
D98C,0.8312041759699699,
E108K,0.8311919694339902,
E168M,0.8311831449377514,
D5A,0.8310925931128763,
D90Q,0.8310587939092516,
T64K,0.8309040803316357,
T114K,0.8308955088022967,
C91P,0.8308952808332002,
I73Q,0.8308557468074673,
D100C,0.8307896955468634,
L86F,0.8307523765438652,
L86M,0.8307223324450232,
D5N,0.830681800680885,
P23Q,0.8306350675595513,
A9Y,0.8306030464605361,
A59T,0.830594381732866,
G47H,0.8305065932521033,
I56W,0.8304542399724975,
A177Q,0.8303937178455562,
D41H,0.830386338874458,
R81L,0.8303809317409432,
T97P,0.8303443295227801,
V55Q,0.8302716014032896,
P121K,0.8302515912052726,
R147N,0.8302168573011809,
F101S,0.8301524836105425,
R81M,0.8301258639390212,
G148T,0.8301083540647534,
G110C,0.8300866815128254,
E181S,0.8300767965119579,
D98K,0.8300467266001678,
I56N,0.8300441241114836,
N10P,0.8299887246321882,
E181K,0.8299272596533224,
L167N,0.8299261619237039,
E125A,0.8298805952759468,
T97A,0.8297643525022821,
I48V,0.8296724991613503,
D98M,0.8295851356432419,
T179L,0.8294772959354597,
A164K,0.8293173051042194,
R112Q,0.8293084083317237,
V150M,0.8292896618813433,
V140M,0.8290250416580236,
E160C,0.828996035239729,
P121Y,0.8289881049583842,
Y7C,0.8289407493374082,
D6M,0.8289118070439124,
G47L,0.8288996828376541,
S16P,0.8288376497021968,
A169I,0.8286409406303796,
A180K,0.8285889593289539,
S70A,0.8284530457296221,
H88P,0.8284021879707629,
I56F,0.8283117453754193,
S27H,0.8282965007912071,
D66Q,0.8281445872392625,
L22F,0.8281435022802609,
S70I,0.8280040949662191,
G17A,0.8280018087540887,
R69Q,0.8278969228628108,
D122C,0.8278865207878195,
L22C,0.8278825716783469,
A176W,0.8278778174765828,
L8M,0.8278119276148389,
D126E,0.8277890747318558,
S27K,0.8277262280809339,
M24Y,0.8276739951711848,
D65L,0.8276596434432905,
R112V,0.8275355842369714,
S74M,0.8275294937395985,
S119F,0.8275274583206459,
P117I,0.8274962616057049,
V3S,0.8274451343053159,
G148H,0.827434332808904,
T144P,0.8273339538585107,
R44K,0.8272904864827908,
M45H,0.8272876774905155,
G47P,0.8272762249643597,
D65T,0.8271607908152854,
A31M,0.8271489054467325,
V136M,0.8271120057003679,
T89V,0.8269920205925376,
D99I,0.8269761361189069,
P23Y,0.8269620870818031,
F139Y,0.8269618819367883,
A72Q,0.8269343596271994,
R81V,0.8268926708995187,
L158C,0.8268644141436043,
P23R,0.8268427092575608,
R76I,0.8268339051399658,
G148Q,0.8267720179155986,
R76A,0.8267030530523484,
V55F,0.8266710754277731,
S119M,0.8265496931601171,
V55C,0.8263170597996902,
T179Y,0.826309848205187,
G20F,0.8262860725772083,
D152E,0.8262205397493051,
A72G,0.8262190010258332,
E181T,0.8261496625541105,
L167M,0.8261202838859208,
E181G,0.8261000718034717,
L8N,0.8260192666764005,
D98W,0.8258479890653081,
A178K,0.8258136953399253,
R112K,0.8257356989334138,
P138K,0.8257197568561496,
D6H,0.8256968857682441,
A53Y,0.8255505081428436,
D66V,0.8254880736839588,
Y120I,0.8254326584451787,
G51K,0.8254137489656476,
L78M,0.8253696903375384,
L175G,0.8253137944344772,
D100K,0.8252188717980595,
T144V,0.8251506280670873,
A180I,0.8250938778912738,
T97F,0.8250692743469221,
D126N,0.8250467505111088,
G20A,0.8250435442711361,
T179V,0.8249498171818263,
V150Y,0.8248996088224197,
F101I,0.8248618621396144,
A173K,0.8247199392857696,
R76C,0.8246587090688818,
T109M,0.8246229192793212,
V136R,0.8245668970286683,
A72H,0.8245666119993694,
T179F,0.8245611391107633,
N137K,0.8244805562467681,
H29G,0.8244615788384243,
E125N,0.8243876217508493,
A31N,0.8242801868987918,
T4L,0.8242520298623752,
V140Y,0.8240889971788886,
L175C,0.824079850156646,
L8C,0.8240000430396951,
M24P,0.8239962773380182,
D100N,0.8239926928704143,
I73L,0.8239396888327797,
R133F,0.8239156186654677,
D66S,0.8239029173360138,
D6T,0.82381912225431,
F101A,0.823724942215675,
R81I,0.823685088652806,
S145G,0.8236312849571854,
V42C,0.8235027391886262,
Y14Q,0.8234594470692432,
D99N,0.8234234765890407,
N10Q,0.8231561066073699,
Q182E,0.823111504005327,
E181L,0.8230762864480872,
M1P,0.8228396132252938,
T114Q,0.8228387774291787,
A176L,0.822822545160025,
R147A,0.8227658419909504,
T95Q,0.8227529808929285,
D107L,0.8227450177340391,
R147L,0.8226854226995368,
D65I,0.8226435228491055,
G17S,0.8226018555869298,
L77Q,0.8225374074463125,
D5P,0.8225315892076219,
V67M,0.8225233364002734,
F101Q,0.8223877771176297,
E181I,0.822336823986717,
T4E,0.8223351284835452,
F101M,0.8223268487763866,
L158V,0.822294714915542,
V42Q,0.8222738344135732,
M45Y,0.8221873814132741,
T4V,0.8221734166078984,
T4Q,0.8221038471782117,
R133P,0.8220399788779424,
S16M,0.8219348305097308,
L77P,0.8217430758938188,
T179I,0.8217421297813112,
S116P,0.8217278448953693,
A31C,0.8216687367745996,
A9V,0.8216673075523738,
L22Y,0.821409546237159,
D66G,0.821348488559456,
F96L,0.8213121186578326,
V33L,0.8213057368817092,
T2D,0.8210071446438643,
R112L,0.8209052769656051,
A9I,0.8208062169210453,
M45L,0.8207554683917173,
T95H,0.8207372251579838,
D98H,0.820692444582451,
T2S,0.820597595580866,
T97V,0.8205879649054743,
D100G,0.8204750914009342,
T97R,0.8203572044782795,
S119L,0.8202688943042338,
D99K,0.8202121751039594,
D65G,0.8202119827295608,
A173E,0.8201773417520859,
F96I,0.8201550420813558,
L175K,0.8201455203637802,
R44Q,0.8199495791592654,
A104K,0.8195528251674835,
N10S,0.8195030887774694,
E160M,0.8193896098913476,
A53K,0.8193696969673909,
H29V,0.819301817878287,
V12M,0.8191764843274363,
V140K,0.8190278261959257,
T64H,0.818974951223036,
L85F,0.8189709836369267,
D65V,0.8188880914650051,
M1E,0.8188666832920165,
D98I,0.8188303440942168,
D122H,0.8187191682665705,
D90C,0.818631719973304,
D66H,0.8186102922368177,
S16F,0.818609129023824,
T64F,0.8185952131271936,
L8Q,0.818465089779881,
V33W,0.8184077282447509,
T97H,0.8182654603125361,
A176K,0.8181957637201119,
V62F,0.8181784831735162,
S74I,0.8181756744529565,
D100S,0.818159405230529,
H29K,0.8181131715218284,
S16I,0.8180906042115751,
R133K,0.8178881874891752,
E118A,0.8177202818643592,
E108T,0.8176613269909919,
M1K,0.8176453925217543,
A177I,0.8176336147524417,
T95G,0.8175764086384357,
D99C,0.8175004196642063,
E52Q,0.8174015843281593,
Q182T,0.8173984862308558,
N159E,0.8173581419502424,
C35K,0.8173212174777896,
T2P,0.8173182264362958,
D66A,0.8172091061345312,
T2E,0.8171107699394021,
M1T,0.8170969994104316,
V136L,0.8169848538310517,
E181P,0.8168681646292274,
P121F,0.8167251263842733,
G47Y,0.8167042521317549,
S116L,0.8166408813421119,
E82Y,0.8165965205666432,
F101N,0.8164933271896696,
L86Y,0.8164367310764044,
V55N,0.816286976302137,
L77C,0.8160412500705776,
N159K,0.816035481555778,
D107G,0.8159578468022665,
M1L,0.8158746636233104,
T64Y,0.8157412305125138,
V42K,0.8156312755014947,
H29P,0.8156269090373953,
T179M,0.8153502757393543,
D107N,0.8153435336688072,
A31Y,0.8153293245914196,
A166K,0.8153059630574852,
A123N,0.8152661953566356,
T4P,0.81517213840501,
W115K,0.8151202695936991,
D122Y,0.8149212778420499,
L158M,0.8147965746705842,
T2Q,0.8147544935860793,
T4A,0.8147129915267763,
D65H,0.814671904648379,
R69N,0.8146121916894579,
T97Y,0.814419389339534,
F101G,0.8143460911614442,
P23H,0.81399734164666,
T162L,0.8139249444763462,
D66L,0.8139149184552633,
D98E,0.8138259260042198,
D13N,0.8137862476976881,
D65R,0.8137591340478392,
A31H,0.8136697641843099,
D100F,0.813602314948735,
H143K,0.8135129138379515,
E181F,0.8132398125664713,
W115H,0.8131823977751512,
H29N,0.8131238156951096,
G79K,0.8130647499619181,
S16W,0.8128183477028128,
F151Y,0.812768787655997,
D107E,0.8127073033853488,
I68W,0.8126689646350096,
V33M,0.8125773870850581,
S116E,0.8125410571255773,
T141K,0.8125124191531643,
R76V,0.8121280091852789,
M1F,0.8120318586676373,
D66F,0.8118437021050917,
V55H,0.8117280293900254,
M1D,0.811313653305576,
D66C,0.8112143375769634,
S119Y,0.8111667463788634,
I56L,0.8111007888600219,
D66Y,0.8108457811071704,
S119N,0.81053407045696,
D65M,0.8104296527310612,
D122E,0.8102046673398315,
D100H,0.8100158831150545,
L175Y,0.8099187837677517,
G47F,0.809685478727222,
A9K,0.8096036274964311,
V55M,0.8090951384870141,0.7631461409070734
A176M,0.8088435804310018,
G79N,0.8088308445937108,
D107A,0.8083499058805532,
D6S,0.8083175989370927,
D99L,0.8082475887852678,
F101H,0.8081876459552436,
A9M,0.8079489199237214,
R69P,0.8079323167632491,
G17T,0.8079233613002593,
D13K,0.8077011186027834,
P117Y,0.8076001829078386,
V63N,0.8072488662273531,
L22I,0.8072372830061616,0.7484294179147408
S145K,0.8072252155883904,
D107F,0.80720385333528,
S116W,0.8071843892849192,
D6E,0.807115892858763,
D107P,0.8070998524205777,
R81K,0.8070837440535792,
P23K,0.8070436684993493,
E160W,0.8068360742428227,
Q182V,0.8066878443345489,
S16L,0.8065465236017029,
G47I,0.8060856833940185,
P117F,0.8060051798708773,
T179W,0.8059472580588972,
D65Q,0.8059433244371945,
L77N,0.8056783077813208,
T2C,0.8056649825936486,
F101L,0.8056266865026044,
A31T,0.8056261403549476,
L175M,0.805482374999979,
V55Y,0.8054675939619865,
A176Q,0.8054470960350926,
L131K,0.8054248968990055,
D66M,0.8053690145817073,
N10K,0.8053635925038536,
D6L,0.8053294436027002,
L77Y,0.8053271016889434,
D100Q,0.8053017329944424,
D65K,0.805140253163621,
Y14K,0.8049479589212183,
D6Y,0.8047155948306058,
E181Y,0.80468055905087,
T155K,0.804648974326549,
D107V,0.8046426246128253,
S119I,0.8046200554005655,
V33K,0.8044693210928144,
D6V,0.8044451767472387,
D107W,0.8044115514413752,
D107I,0.804338371731136,
Q182K,0.8042504685865373,
T97C,0.8041771337268889,
T2G,0.8036715257142885,
E160F,0.8036277801021505,
R57Y,0.8035409988698271,
S116F,0.8034476578878906,
D107Y,0.8034092770216874,
G110K,0.8031294608511844,
M24L,0.8028059569438918,
D65S,0.8027021250360769,
D6F,0.8025557042079504,
T97W,0.8024586453462209,
D65W,0.8021029312260977,
S119H,0.8016767415059222,
D6W,0.8015689623906413,
Q182W,0.8015673100901941,
E181V,0.8012395478614723,
R69C,0.8011192125126826,
T4I,0.8010101979081505,
T2A,0.8003257547964392,
S119C,0.80016247621065,
S16K,0.8001289655686233,
S116I,0.7999594253048516,
D65A,0.7999142507422031,
D66I,0.7996574901542611,
I56C,0.7996174806268379,
S116Y,0.7993381070804805,
D5E,0.7991129059473409,
A59V,0.798868188051082,
E181Q,0.7988602479879887,
E160H,0.7986989912353892,
A31K,0.7978503864633198,
E181M,0.797521186045769,
P117H,0.7962636987282145,
I134M,0.795923988908148,
Q182I,0.7957606779882432,
E181A,0.7956080490100406,
G20E,0.7954928056050719,0.8008089995569412
A177K,0.7952204197598499,
P117L,0.7949130394356096,
V150F,0.7948075791382893,
S116N,0.7945547220116577,
R170K,0.7945084747171941,
D13W,0.7939660498313811,
E160Y,0.793667032630882,
S116C,0.7934275335694682,
S116R,0.7932570778970123,
G79Q,0.7932357205347763,
D66N,0.7924611100752716,
D107C,0.7922136902425472,
D13C,0.7920135801109208,
L77H,0.7918850563512972,
L175W,0.791116694255727,
R132K,0.7910010565919285,
D99M,0.7905633931518079,
S116V,0.7899381956487838,
D66T,0.7898142070884306,
S116T,0.7896393594106428,
I134V,0.7892572981493957,
D13R,0.7889344401092572,
F96M,0.7888487517156775,
P117W,0.788803298644896,
P23W,0.7885579245563035,
F101K,0.7881826458511764,
D65C,0.7878006171957601,
P117M,0.787735723170414,
D6A,0.7863748321682813,
T97Q,0.7859988537963806,
F101T,0.7859445175388657,
E181W,0.7859241845431296,
D6P,0.7840005190848167,
M45F,0.7826190179373903,
T97K,0.7815678366743525,
D13Y,0.7812107552830811,
S16Y,0.7810054627264542,
S116K,0.7799489468778744,
T97M,0.7794919642116227,
Q182M,0.7791173433291207,
D65F,0.7781966060373929,
S116M,0.7775667880165089,
T4G,0.7762749249155649,
D100A,0.7760517586579476,
T2V,0.775881970046436,
D13M,0.7750944145288965,
S116H,0.7749923859952085,
D13S,0.7736645798573022,
D13V,0.7709508960544058,
S119W,0.7705073662819951,
S119V,0.7704384122873542,
D13I,0.7676193127484386,
S116Q,0.7671551551692437,
I30V,0.7669283846088086,0.6643788967023931
D13Q,0.7645748362766159,
D13G,0.7601974592776273,
D13T,0.7595824568025727,
D65E,0.7581494324656356,
D107M,0.756664107561851,
D65Y,0.7556640685435412,0.7112445879076822
D13L,0.7552723062326527,
D13P,0.726782393362496,
A15G,0.7221283836088958,0.6315037151354688
D13A,0.5396692445560621,0.3692113307216426
