variant,site,wildtype,mutation,mut_escape
N331V,331,N,V,0.003631406000000001
N331T,331,N,T,0.0038603619999999996
N331S,331,N,S,0.003878969999999999
N331R,331,N,R,0.003954843600000001
N331Q,331,N,Q,0.003935741999999999
N331M,331,N,M,0.003925667999999999
N331L,331,N,L,0.0037963809999999997
N331K,331,N,K,0.0037020463999999993
N331P,331,N,P,0.00422596
N331H,331,N,H,0.004812646
N331G,331,N,G,0.004028320800000001
N331F,331,N,F,0.00426744
N331E,331,N,E,0.0044473740000000005
N331D,331,N,D,0.004661402000000001
N331A,331,N,A,0.004685108000000002
N331I,331,N,I,0.003169699800000001
I332T,332,I,T,0.006097404000000002
I332D,332,I,D,0.007579741999999998
I332E,332,I,E,0.006912832000000002
I332Y,332,I,Y,0.007728934
I332W,332,I,W,0.0056147559999999985
I332V,332,I,V,0.006781622
I332S,332,I,S,0.006719902
I332K,332,I,K,0.006859926000000001
I332Q,332,I,Q,0.006883279999999999
I332P,332,I,P,0.004105914
I332N,332,I,N,0.007062020000000002
I332M,332,I,M,0.006562894000000002
I332L,332,I,L,0.006707761999999999
I332C,332,I,C,0.007191104000000003
I332H,332,I,H,0.005937359999999998
I332R,332,I,R,0.006282528000000001
I332A,332,I,A,0.00773366
I332F,332,I,F,0.006189587999999999
I332G,332,I,G,0.0074784656
T333W,333,T,W,0.003750139999999999
T333A,333,T,A,0.003529972200000001
T333C,333,T,C,0.004491048000000001
T333D,333,T,D,0.004216918000000001
T333E,333,T,E,0.004666095999999999
T333F,333,T,F,0.003256137400000001
T333G,333,T,G,0.0036184525999999996
T333H,333,T,H,0.004232814420000003
T333K,333,T,K,0.004270196000000001
T333L,333,T,L,0.0036239044
T333M,333,T,M,0.00395787
T333N,333,T,N,0.003810048
T333Q,333,T,Q,0.004074127999999999
T333R,333,T,R,0.003492662
T333S,333,T,S,0.005999419940000003
T333V,333,T,V,0.003321879999999999
T333Y,333,T,Y,0.003873592000000003
T333P,333,T,P,0.003489939999999999
N334T,334,N,T,0.006678855999999999
N334A,334,N,A,0.006348498
N334Y,334,N,Y,0.005813000000000001
N334V,334,N,V,0.005689544000000001
N334S,334,N,S,0.0067852860000000015
N334R,334,N,R,0.005792304400000003
N334Q,334,N,Q,0.007156226000000001
N334P,334,N,P,0.004637226000000001
N334M,334,N,M,0.0070577739999999976
N334L,334,N,L,0.00647924
N334I,334,N,I,0.007412844000000002
N334H,334,N,H,0.005735930000000001
N334G,334,N,G,0.007013683999999997
N334F,334,N,F,0.007255556
N334E,334,N,E,0.008347534
N334D,334,N,D,0.006656194599999999
N334C,334,N,C,0.005459384000000001
N334K,334,N,K,0.0068380679999999975
L335Y,335,L,Y,0.005755692
L335W,335,L,W,0.0058101882400000025
L335P,335,L,P,0.006763980000000002
L335T,335,L,T,0.006521769999999998
L335A,335,L,A,0.006410303999999999
L335D,335,L,D,0.007043411999999998
L335E,335,L,E,0.008006254
L335F,335,L,F,0.0056849039999999984
L335G,335,L,G,0.014472843999999995
L335H,335,L,H,0.006360506
L335I,335,L,I,0.0062462060000000015
L335C,335,L,C,0.006759686
L335M,335,L,M,0.00604707
L335K,335,L,K,0.006661398799999998
L335S,335,L,S,0.006717526000000001
L335R,335,L,R,0.0059099172
L335V,335,L,V,0.006732920000000001
L335N,335,L,N,0.006500004
L335Q,335,L,Q,0.006514656
C336G,336,C,G,0.051393297999999976
P337Q,337,P,Q,0.008163988200000001
P337N,337,P,N,0.006896866000000002
P337M,337,P,M,0.006429379999999999
P337K,337,P,K,0.005902590000000001
P337H,337,P,H,0.006176356000000002
P337G,337,P,G,0.007334337999999999
P337E,337,P,E,0.008646721999999997
P337D,337,P,D,0.008395976000000001
P337C,337,P,C,0.010058550000000001
P337A,337,P,A,0.006539675999999999
P337T,337,P,T,0.010416599999999998
P337L,337,P,L,0.0075549680000000004
P337S,337,P,S,0.007613091999999999
P337R,337,P,R,0.006357345999999999
F338L,338,F,L,0.008548128000000002
F338Y,338,F,Y,0.006013248
F338W,338,F,W,0.006946361999999999
F338M,338,F,M,0.006432854000000003
F338I,338,F,I,0.009477268
G339W,339,G,W,0.006269642000000001
G339A,339,G,A,0.007873424
G339Y,339,G,Y,0.005755030240000002
G339V,339,G,V,0.005638750000000001
G339T,339,G,T,0.00676746
G339S,339,G,S,0.0064950719999999984
G339Q,339,G,Q,0.006000594000000001
G339D,339,G,D,0.00727008
G339P,339,G,P,0.0059171280000000015
G339F,339,G,F,0.006048716000000001
G339M,339,G,M,0.006669624
G339N,339,G,N,0.006428372
G339L,339,G,L,0.006868022000000002
G339K,339,G,K,0.0059165259999999975
G339I,339,G,I,0.006098994
G339H,339,G,H,0.006626939999999999
G339R,339,G,R,0.005929774000000002
G339E,339,G,E,0.006795373999999998
E340A,340,E,A,0.005838140000000002
E340P,340,E,P,0.0052447045999999995
E340N,340,E,N,0.006378430000000001
E340M,340,E,M,0.005799002
E340L,340,E,L,0.0058195239999999995
E340K,340,E,K,0.005005296000000001
E340G,340,E,G,0.007141896000000002
E340Q,340,E,Q,0.00610136
E340D,340,E,D,0.006059236
E340T,340,E,T,0.005471538000000001
E340S,340,E,S,0.006013629999999999
V341L,341,V,L,0.009506235999999998
V341I,341,V,I,0.008889399999999999
F342I,342,F,I,0.0059887299999999985
F342M,342,F,M,0.007958166000000003
F342L,342,F,L,0.007433641999999998
A344S,344,A,S,0.005570686
A344E,344,A,E,0.007522002
A344Q,344,A,Q,0.0065744720000000005
A344N,344,A,N,0.0061588680000000005
A344K,344,A,K,0.006113768200000001
A344R,344,A,R,0.006048066000000002
T345R,345,T,R,0.011810281200000005
T345A,345,T,A,0.004278288000000001
T345D,345,T,D,0.005715302000000001
T345E,345,T,E,0.006507660000000002
T345P,345,T,P,0.005372199599999999
T345S,345,T,S,0.005753508000000002
T345K,345,T,K,0.012250500000000004
R346T,346,R,T,0.041637677799999995
R346Y,346,R,Y,0.039560513999999984
R346W,346,R,W,0.039603228
R346V,346,R,V,0.039908334000000004
R346S,346,R,S,0.038372322
R346Q,346,R,Q,0.039971337999999995
R346N,346,R,N,0.042870432000000014
R346L,346,R,L,0.03948544
R346K,346,R,K,0.026206752
R346M,346,R,M,0.03818074639999999
R346H,346,R,H,0.026086584
R346G,346,R,G,0.0304901484
R346F,346,R,F,0.038957162
R346E,346,R,E,0.06268825399999998
R346D,346,R,D,0.062958194
R346C,346,R,C,0.039647539999999995
R346A,346,R,A,0.036681932
R346I,346,R,I,0.035810513999999995
F347W,347,F,W,0.009813239999999999
A348Q,348,A,Q,0.006962068000000003
A348D,348,A,D,0.012546037999999997
A348H,348,A,H,0.005332366
A348K,348,A,K,0.0057475999999999985
A348N,348,A,N,0.008143128
A348S,348,A,S,0.007655269999999999
A348P,348,A,P,0.008084244000000003
A348E,348,A,E,0.006910285999999999
A348Y,348,A,Y,0.005902682000000001
A348G,348,A,G,0.006186138
S349P,349,S,P,0.008201773999999998
S349N,349,S,N,0.011933853999999997
Y351H,351,Y,H,0.009963663829787237
Y351F,351,Y,F,0.007282923999999999
Y351W,351,Y,W,0.009318251063829787
A352D,352,A,D,0.011403483999999998
A352E,352,A,E,0.007500153999999998
A352H,352,A,H,0.005112387999999999
A352K,352,A,K,0.005860432000000001
A352G,352,A,G,0.006847861999999999
A352N,352,A,N,0.004562552000000001
A352Q,352,A,Q,0.00698139
A352R,352,A,R,0.0064055
A352S,352,A,S,0.00571224
A352M,352,A,M,0.006542083400000001
A352Y,352,A,Y,0.0054662880000000014
W353F,353,W,F,0.008212522000000003
N354G,354,N,G,0.004927772000000001
N354H,354,N,H,0.00643103
N354K,354,N,K,0.006447608000000001
N354R,354,N,R,0.006588046000000001
N354S,354,N,S,0.005713406000000002
N354T,354,N,T,0.007003664000000001
N354A,354,N,A,0.007280136000000001
N354V,354,N,V,0.008894982000000001
N354D,354,N,D,0.014757356000000004
K356E,356,K,E,0.007514273999999999
K356S,356,K,S,0.012702012
K356H,356,K,H,0.005944722000000002
K356I,356,K,I,0.0071500019999999965
K356L,356,K,L,0.0058819699999999985
K356M,356,K,M,0.006531206000000001
K356N,356,K,N,0.00587302
K356Q,356,K,Q,0.007349906000000001
K356Y,356,K,Y,0.005342334
K356V,356,K,V,0.009530671999999999
K356T,356,K,T,0.012045887999999996
K356R,356,K,R,0.007478150000000001
K356A,356,K,A,0.006241093999999997
R357D,357,R,D,0.00990341
R357H,357,R,H,0.008017868000000003
R357I,357,R,I,0.006639151999999999
R357K,357,R,K,0.007108378000000001
R357L,357,R,L,0.006555823999999999
R357M,357,R,M,0.005970452
R357N,357,R,N,0.010875342000000001
R357P,357,R,P,0.010555769999999997
R357Q,357,R,Q,0.007254928000000001
R357S,357,R,S,0.00651452
R357T,357,R,T,0.006695265999999998
R357V,357,R,V,0.008541551999999997
R357W,357,R,W,0.005905776000000001
R357Y,357,R,Y,0.007038789999999998
R357A,357,R,A,0.007151726000000001
R357E,357,R,E,0.010671881999999997
R357C,357,R,C,0.008436929999999999
I358F,358,I,F,0.007516372000000002
I358Y,358,I,Y,0.007303735999999998
I358C,358,I,C,0.0071478600000000015
I358L,358,I,L,0.007508315200000001
I358M,358,I,M,0.007439462000000001
I358V,358,I,V,0.010654599999999998
I358W,358,I,W,0.0067536739999999994
S359M,359,S,M,0.0024096
S359N,359,S,N,0.007602348
S359P,359,S,P,0.013549727999999999
S359Q,359,S,Q,0.00605581
S359W,359,S,W,0.007831082000000005
S359T,359,S,T,0.00851678
S359V,359,S,V,0.009239546000000003
S359K,359,S,K,0.005810468000000001
S359Y,359,S,Y,0.005881091999999999
S359R,359,S,R,0.0050191366000000015
S359H,359,S,H,0.007041
S359I,359,S,I,0.008638339999999996
S359F,359,S,F,0.007113248000000001
S359E,359,S,E,0.006690318
S359D,359,S,D,0.007652565999999999
S359C,359,S,C,0.0064826660000000015
S359A,359,S,A,0.0068291919999999996
S359G,359,S,G,0.006353416
N360M,360,N,M,0.00801096976744186
N360D,360,N,D,0.009819609999999996
N360E,360,N,E,0.007069682000000004
N360K,360,N,K,0.005977341200000001
N360Q,360,N,Q,0.00690184
N360S,360,N,S,0.006917279999999999
N360R,360,N,R,0.006963492
C361P,361,C,P,0.047840988000000015
C361N,361,C,N,0.04519323999999997
C361E,361,C,E,0.03713432105263157
V362C,362,V,C,0.0092407472
V362D,362,V,D,0.008005286000000002
V362A,362,V,A,0.007301644000000001
V362F,362,V,F,0.007233776000000001
V362E,362,V,E,0.006955700000000001
V362S,362,V,S,0.021734515999999995
V362W,362,V,W,0.008062365399999999
V362Y,362,V,Y,0.007953988000000002
V362H,362,V,H,0.007036612
V362I,362,V,I,0.0077272842
V362K,362,V,K,0.006244327999999999
V362R,362,V,R,0.0070040439999999975
V362Q,362,V,Q,0.009967469999999999
V362N,362,V,N,0.0075471040000000015
V362G,362,V,G,0.010547626000000008
V362M,362,V,M,0.006857566999999998
V362L,362,V,L,0.006879192000000002
V362T,362,V,T,0.014648989999999997
A363G,363,A,G,0.008170046
A363F,363,A,F,0.005815977999999999
A363S,363,A,S,0.006454972
A363W,363,A,W,0.011823976
A363Y,363,A,Y,0.004244614
A363I,363,A,I,0.006818264000000002
A363L,363,A,L,0.0077157120000000004
A363M,363,A,M,0.004748341999999999
A363C,363,A,C,0.007820746
A363P,363,A,P,0.007350063999999997
A363Q,363,A,Q,0.00843478
A363T,363,A,T,0.005706824
A363H,363,A,H,0.010041907999999997
A363V,363,A,V,0.006804197999999998
Y365I,365,Y,I,0.014221144000000003
Y365A,365,Y,A,0.019582586000000003
Y365G,365,Y,G,0.023395807999999997
Y365L,365,Y,L,0.015531453999999993
Y365M,365,Y,M,0.010982446000000002
Y365W,365,Y,W,0.008222664000000001
Y365V,365,Y,V,0.017090936
Y365T,365,Y,T,0.012471319999999998
Y365P,365,Y,P,0.020464916000000003
Y365C,365,Y,C,0.018212130000000003
Y365F,365,Y,F,0.006879708000000001
S366D,366,S,D,0.01601748
S366E,366,S,E,0.012209707999999996
S366W,366,S,W,0.012063756000000004
S366A,366,S,A,0.007855026
S366V,366,S,V,0.017580909999999995
S366T,366,S,T,0.006985680000000003
S366Q,366,S,Q,0.006629009999999999
S366P,366,S,P,0.009016532000000002
S366N,366,S,N,0.012960704
S366R,366,S,R,0.005259952
S366L,366,S,L,0.014078039999999998
S366K,366,S,K,0.006712357999999995
S366I,366,S,I,0.01723695599999999
S366H,366,S,H,0.006249093617021276
S366G,366,S,G,0.006569019999999998
S366F,366,S,F,0.009592895999999995
S366M,366,S,M,0.010302408
V367P,367,V,P,0.006657171999999998
V367F,367,V,F,0.010802734000000001
V367E,367,V,E,0.011002637999999999
V367S,367,V,S,0.00938459
V367R,367,V,R,0.011182938000000002
V367Q,367,V,Q,0.00986749
V367N,367,V,N,0.009373421999999998
V367C,367,V,C,0.006680144
V367L,367,V,L,0.007525815999999999
V367K,367,V,K,0.010511489999999998
V367I,367,V,I,0.0071016119999999985
V367H,367,V,H,0.007897964
V367G,367,V,G,0.008507758000000002
V367A,367,V,A,0.01209215799999999
V367Y,367,V,Y,0.007043240000000001
V367M,367,V,M,0.008296613999999999
V367D,367,V,D,0.008953522000000002
V367W,367,V,W,0.0112237018
V367T,367,V,T,0.008411246
L368M,368,L,M,0.006546434000000001
L368I,368,L,I,0.005675730000000002
L368F,368,L,F,0.007560164000000003
L368V,368,L,V,0.0067084300000000005
Y369K,369,Y,K,0.012921729999999998
Y369F,369,Y,F,0.009771540000000002
Y369G,369,Y,G,0.013322367999999998
Y369P,369,Y,P,0.023462912
Y369R,369,Y,R,0.010740524
Y369S,369,Y,S,0.012214796000000003
Y369T,369,Y,T,0.009650638000000001
Y369V,369,Y,V,0.010607457999999993
Y369W,369,Y,W,0.008203415999999996
Y369A,369,Y,A,0.011412603999999995
Y369H,369,Y,H,0.007435956000000002
Y369Q,369,Y,Q,0.012924892
Y369C,369,Y,C,0.010317912000000002
Y369N,369,Y,N,0.03345208200000001
Y369E,369,Y,E,0.01915949200000001
Y369I,369,Y,I,0.009230757999999999
Y369M,369,Y,M,0.010157889999999998
Y369L,369,Y,L,0.009270925999999999
Y369D,369,Y,D,0.03607205800000001
N370D,370,N,D,0.008450715999999999
N370A,370,N,A,0.006127236
N370G,370,N,G,0.007936448000000002
N370H,370,N,H,0.006543882000000002
N370K,370,N,K,0.006975627999999999
N370M,370,N,M,0.00522427
N370L,370,N,L,0.006619813999999998
N370Q,370,N,Q,0.011690625999999999
N370Y,370,N,Y,0.005572628
N370T,370,N,T,0.006482395999999999
N370R,370,N,R,0.006264300000000001
N370S,370,N,S,0.007109078000000001
N370P,370,N,P,0.025322292000000007
N370E,370,N,E,0.006885613999999997
S371L,371,S,L,0.005947092
S371E,371,S,E,0.005189588
S371F,371,S,F,0.0056670948279999986
S371G,371,S,G,0.006044365999999999
S371H,371,S,H,0.005885618000000001
S371I,371,S,I,0.004829265999999998
S371W,371,S,W,0.005848048000000002
S371N,371,S,N,0.01854005
S371P,371,S,P,0.011937985999999994
S371Q,371,S,Q,0.005759487999999999
S371R,371,S,R,0.006650783999999998
S371T,371,S,T,0.005957193999999999
S371V,371,S,V,0.004977770000000001
S371Y,371,S,Y,0.005684817
S371D,371,S,D,0.006601898
S371M,371,S,M,0.006078610000000001
S371C,371,S,C,0.005581236000000001
S371K,371,S,K,0.005715754000000001
S371A,371,S,A,0.005600676
A372T,372,A,T,0.018214255999999995
A372D,372,A,D,0.006711347999999998
A372E,372,A,E,0.007488530000000002
A372F,372,A,F,0.005055960000000001
A372G,372,A,G,0.007533152
A372H,372,A,H,0.005558794000000001
A372I,372,A,I,0.005174223999999998
A372Y,372,A,Y,0.004181679440000001
A372W,372,A,W,0.0059172619999999995
A372K,372,A,K,0.007839043999999996
A372M,372,A,M,0.005630162000000001
A372L,372,A,L,0.004943658
A372V,372,A,V,0.005363974000000002
A372S,372,A,S,0.018200541999999997
A372R,372,A,R,0.006874369999999996
A372Q,372,A,Q,0.007073294000000001
A372P,372,A,P,0.006852931999999997
A372N,372,A,N,0.004275195999999999
S373W,373,S,W,0.005974954000000001
S373E,373,S,E,0.007630374
S373R,373,S,R,0.008403663999999998
S373K,373,S,K,0.007500887999999999
S373G,373,S,G,0.0069599236
S373Q,373,S,Q,0.008300946000000005
S373P,373,S,P,0.007403162000000002
S373H,373,S,H,0.006502717999999999
S373N,373,S,N,0.008242448
S373Y,373,S,Y,0.00596061
S373M,373,S,M,0.007222460000000001
S373I,373,S,I,0.005700142000000003
S373L,373,S,L,0.007934664000000001
S373F,373,S,F,0.0058417133200000014
S373V,373,S,V,0.0053912360000000015
S373D,373,S,D,0.007231978
S373A,373,S,A,0.006467732000000001
S373C,373,S,C,0.005985839800000001
S373T,373,S,T,0.006464454000000001
F374A,374,F,A,0.010839803999999998
F374D,374,F,D,0.022411314
F374H,374,F,H,0.007613082000000001
F374I,374,F,I,0.007449814
F374L,374,F,L,0.006948932
F374M,374,F,M,0.007286351999999999
F374N,374,F,N,0.03470994800000001
F374Q,374,F,Q,0.012752378
F374T,374,F,T,0.009985962
F374V,374,F,V,0.007921824
F374W,374,F,W,0.006229226
F374Y,374,F,Y,0.006035518
S375A,375,S,A,0.007854712
S375D,375,S,D,0.005910203999999997
S375E,375,S,E,0.007197602000000002
S375G,375,S,G,0.005601868000000001
S375H,375,S,H,0.006366565999999999
S375K,375,S,K,0.006675133999999999
S375N,375,S,N,0.005037860000000002
S375T,375,S,T,0.006635282000000004
S375Q,375,S,Q,0.006124285999999999
T376V,376,T,V,0.005909623999999999
T376F,376,T,F,0.018988088200000003
T376H,376,T,H,0.008321972000000002
T376I,376,T,I,0.008357853240000001
T376K,376,T,K,0.008765804000000002
T376L,376,T,L,0.00663961106
T376M,376,T,M,0.006763294
T376N,376,T,N,0.013667814
T376S,376,T,S,0.005685874000000002
T376W,376,T,W,0.011558044444444446
T376Y,376,T,Y,0.011150435999999996
T376D,376,T,D,0.025838200000000002
T376C,376,T,C,0.0067555659999999984
F377M,377,F,M,0.009105373999999998
F377I,377,F,I,0.009689195999999999
F377L,377,F,L,0.0083643588
F377V,377,F,V,0.009144300000000001
F377W,377,F,W,0.009938228000000004
K378I,378,K,I,0.018396419999999997
K378L,378,K,L,0.02903168200000001
K378H,378,K,H,0.015651442
K378E,378,K,E,0.042996924000000006
K378D,378,K,D,0.029866571999999997
K378Q,378,K,Q,0.020887509999999998
K378R,378,K,R,0.010265742
K378T,378,K,T,0.017692676000000004
K378M,378,K,M,0.010570804000000003
K378V,378,K,V,0.02565466200000001
K378C,378,K,C,0.011793728205128206
K378A,378,K,A,0.014371116
K378S,378,K,S,0.018819934
K378N,378,K,N,0.032129402
Y380W,380,Y,W,0.00866198
Y380F,380,Y,F,0.007073575999999998
G381N,381,G,N,0.011526783999999998
G381K,381,G,K,0.0060469298000000015
G381Q,381,G,Q,0.005993992
G381R,381,G,R,0.007359395999999998
G381S,381,G,S,0.005737749999999999
G381H,381,G,H,0.005544198
V382Y,382,V,Y,0.009818632
V382T,382,V,T,0.009492538
V382M,382,V,M,0.01582841176470588
V382L,382,V,L,0.007535343999999999
V382I,382,V,I,0.0063590320000000014
V382F,382,V,F,0.00969862
V382C,382,V,C,0.009341704
S383E,383,S,E,0.03534328999999999
S383Y,383,S,Y,0.012352959999999994
S383H,383,S,H,0.012670388
S383V,383,S,V,0.011586510000000003
S383T,383,S,T,0.013550435999999999
S383R,383,S,R,0.006237048000000004
S383P,383,S,P,0.007951106
S383N,383,S,N,0.01643297566
S383Q,383,S,Q,0.012671331999999997
S383L,383,S,L,0.015569556000000002
S383K,383,S,K,0.013354955999999996
S383I,383,S,I,0.015036158000000004
S383A,383,S,A,0.00845084375
S383C,383,S,C,0.012965689999999998
S383D,383,S,D,0.028260870000000007
S383M,383,S,M,0.006667856
P384L,384,P,L,0.013136646
P384G,384,P,G,0.013447056000000002
P384H,384,P,H,0.017522441999999992
P384I,384,P,I,0.009243600000000001
P384K,384,P,K,0.027507519999999997
P384M,384,P,M,0.012594071200000001
P384Q,384,P,Q,0.015972683999999997
P384R,384,P,R,0.020792512
P384S,384,P,S,0.011141501999999996
P384T,384,P,T,0.009499629999999995
P384V,384,P,V,0.009750667999999995
P384W,384,P,W,0.011949565999999997
P384Y,384,P,Y,0.02203846999999999
P384N,384,P,N,0.018316479999999996
P384E,384,P,E,0.021260384
P384F,384,P,F,0.009576136
P384A,384,P,A,0.010540736000000002
T385N,385,T,N,0.011373447999999994
T385I,385,T,I,0.006203254
T385K,385,T,K,0.009461150000000002
T385L,385,T,L,0.006532514600000001
T385M,385,T,M,0.009393418
T385A,385,T,A,0.010613302
T385P,385,T,P,0.006437010000000001
T385Q,385,T,Q,0.01823782
T385R,385,T,R,0.007116920000000002
T385S,385,T,S,0.009694288
T385V,385,T,V,0.005351166000000001
T385W,385,T,W,0.007283605999999998
T385Y,385,T,Y,0.009751901999999998
T385G,385,T,G,0.009252248
T385F,385,T,F,0.008220769999999997
T385E,385,T,E,0.021430788000000006
T385D,385,T,D,0.021316059999999998
T385C,385,T,C,0.008926893999999998
T385H,385,T,H,0.012794941800000001
K386R,386,K,R,0.005120409600000002
K386S,386,K,S,0.017625687999999997
K386T,386,K,T,0.012536748
K386N,386,K,N,0.012289182000000001
K386Q,386,K,Q,0.012418588
K386Y,386,K,Y,0.006209121999999998
K386L,386,K,L,0.0069265460000000004
K386I,386,K,I,0.0068301
K386H,386,K,H,0.009420338
K386G,386,K,G,0.014096638000000003
K386E,386,K,E,0.017204145999999997
K386D,386,K,D,0.021111674000000004
K386C,386,K,C,0.013510985999999996
K386A,386,K,A,0.015173537999999992
K386M,386,K,M,0.008858064
K386V,386,K,V,0.010000756000000001
L387M,387,L,M,0.006602331999999999
L387I,387,L,I,0.0076119859999999985
N388S,388,N,S,0.006071347999999997
N388R,388,N,R,0.005503842000000001
N388Q,388,N,Q,0.006343782
N388P,388,N,P,0.00702528
N388M,388,N,M,0.005409850000000001
N388L,388,N,L,0.006732308000000001
N388K,388,N,K,0.005824098000000001
N388H,388,N,H,0.005779772000000001
N388G,388,N,G,0.006922531999999999
N388E,388,N,E,0.010774035599999999
N388D,388,N,D,0.007308896000000002
N388A,388,N,A,0.005680483999999999
N388T,388,N,T,0.005596016000000002
N388V,388,N,V,0.005526144000000002
D389Q,389,D,Q,0.006066414000000001
D389W,389,D,W,0.004707332000000002
D389T,389,D,T,0.005609458000000001
D389S,389,D,S,0.005281172000000001
D389R,389,D,R,0.004765602000000001
D389N,389,D,N,0.008155937799999999
D389M,389,D,M,0.004979186000000002
D389L,389,D,L,0.005057903999999999
D389K,389,D,K,0.004801932
D389H,389,D,H,0.006450402000000001
D389G,389,D,G,0.005801408
D389F,389,D,F,0.004290214
D389Y,389,D,Y,0.005104512000000001
D389E,389,D,E,0.006749178
D389A,389,D,A,0.0060246480000000005
D389C,389,D,C,0.006443747999999998
L390R,390,L,R,0.006853599999999999
L390Q,390,L,Q,0.00668675
L390N,390,L,N,0.007489669999999999
L390M,390,L,M,0.007408834000000002
L390A,390,L,A,0.008826072
L390C,390,L,C,0.006261886000000002
L390D,390,L,D,0.009649652000000002
L390S,390,L,S,0.014415108000000001
L390E,390,L,E,0.007758932000000003
L390F,390,L,F,0.006919904000000002
L390G,390,L,G,0.008604162
L390H,390,L,H,0.008648853999999997
L390V,390,L,V,0.006932615999999999
L390T,390,L,T,0.022749760000000004
L390Y,390,L,Y,0.010418973999999996
L390I,390,L,I,0.005971342000000001
L390W,390,L,W,0.00540546034
L390K,390,L,K,0.006430252000000001
C391Y,391,C,Y,0.006388080000000002
C391W,391,C,W,0.006413768000000001
C391V,391,C,V,0.007175847999999999
C391T,391,C,T,0.007541868000000002
C391S,391,C,S,0.006790947999999998
C391R,391,C,R,0.006800626000000001
C391Q,391,C,Q,0.007886222000000002
C391G,391,C,G,0.006283275999999999
C391N,391,C,N,0.017967556000000003
C391M,391,C,M,0.006949542000000002
C391L,391,C,L,0.007048602
C391K,391,C,K,0.007295627999999999
C391P,391,C,P,0.006248399999999999
C391E,391,C,E,0.007374068000000001
C391F,391,C,F,0.006907052
C391I,391,C,I,0.007151234000000002
C391H,391,C,H,0.009580709000000003
C391D,391,C,D,0.008301526
C391A,391,C,A,0.007435518000000002
F392A,392,F,A,0.011774775999999995
F392C,392,F,C,0.009737115999999997
F392H,392,F,H,0.007784784
F392I,392,F,I,0.011403502000000001
F392M,392,F,M,0.0067791360000000024
F392N,392,F,N,0.009367791999999998
F392P,392,F,P,0.010476497999999999
F392Y,392,F,Y,0.008582838000000002
F392W,392,F,W,0.006833544000000002
F392V,392,F,V,0.0086249256
F392L,392,F,L,0.007779110000000001
F392S,392,F,S,0.007038501999999999
F392T,392,F,T,0.009359423999999998
T393H,393,T,H,0.005848678
T393Y,393,T,Y,0.008374866
T393V,393,T,V,0.007807092000000004
T393S,393,T,S,0.006557230000000002
T393Q,393,T,Q,0.007035197999999998
T393N,393,T,N,0.006833003999999999
T393M,393,T,M,0.006584252
T393R,393,T,R,0.006575398000000001
T393K,393,T,K,0.008826272000000001
T393I,393,T,I,0.014714434000000005
T393A,393,T,A,0.007752920000000001
T393G,393,T,G,0.0073049740000000005
T393C,393,T,C,0.009048655999999997
T393D,393,T,D,0.010562984
T393E,393,T,E,0.008052754
T393L,393,T,L,0.010406648000000001
N394P,394,N,P,0.013803527999999995
N394Q,394,N,Q,0.006120346
N394R,394,N,R,0.005822491999999999
N394W,394,N,W,0.0068952126000000015
N394T,394,N,T,0.005907248599999999
N394V,394,N,V,0.008308142
N394Y,394,N,Y,0.005908952
N394S,394,N,S,0.0065643963999999985
N394M,394,N,M,0.006090436000000001
N394I,394,N,I,0.0076829099999999985
N394K,394,N,K,0.0063526780000000005
N394H,394,N,H,0.006582926000000002
N394G,394,N,G,0.006243098000000002
N394F,394,N,F,0.005237434000000001
N394E,394,N,E,0.006219095599999998
N394D,394,N,D,0.006556862
N394C,394,N,C,0.008586042
N394A,394,N,A,0.00889213
N394L,394,N,L,0.009166523999999999
V395L,395,V,L,0.00566941538
V395M,395,V,M,0.007216134000000001
V395A,395,V,A,0.012482964000000003
V395G,395,V,G,0.010792613999999999
V395I,395,V,I,0.007328476000000003
Y396W,396,Y,W,0.008087938
Y396V,396,Y,V,0.007542435999999999
Y396F,396,Y,F,0.006169750000000002
Y396S,396,Y,S,0.027590300000000005
Y396N,396,Y,N,0.006886466
Y396M,396,Y,M,0.007147768000000001
Y396L,396,Y,L,0.006748706000000002
Y396T,396,Y,T,0.019811462000000002
Y396C,396,Y,C,0.010005930000000001
Y396H,396,Y,H,0.006547462000000003
Y396I,396,Y,I,0.010330184
A397V,397,A,V,0.009569302
A397L,397,A,L,0.006886804
A397I,397,A,I,0.008478222000000002
A397C,397,A,C,0.008689955999999997
S399T,399,S,T,0.008152569340000002
V401I,401,V,I,0.009828257999999996
I402V,402,I,V,0.006236663999999999
I402L,402,I,L,0.00691076
I402C,402,I,C,0.008806001800000003
R403K,403,R,K,0.0069146276000000015
R403T,403,R,T,0.008338036
R403S,403,R,S,0.009063104000000002
R403M,403,R,M,0.007003667400000001
R403A,403,R,A,0.008777169999999999
G404K,404,G,K,0.007120396
G404A,404,G,A,0.006808550000000001
D405S,405,D,S,0.006828135400000002
D405N,405,D,N,0.012517163999999999
D405A,405,D,A,0.005104296000000001
D405E,405,D,E,0.010793023999999995
D405F,405,D,F,0.0046977
D405K,405,D,K,0.021709376
D405L,405,D,L,0.00312983
D405R,405,D,R,0.024083998000000006
E406D,406,E,D,0.013638845999999993
E406W,406,E,W,0.09366362199999996
E406Q,406,E,Q,0.012694912000000003
V407I,407,V,I,0.008909075999999998
V407L,407,V,L,0.006902157999999999
R408V,408,R,V,0.010032552000000002
R408A,408,R,A,0.009302490000000002
R408W,408,R,W,0.014319558
R408T,408,R,T,0.00903904
R408S,408,R,S,0.008644628000000001
R408L,408,R,L,0.007800181999999997
R408K,408,R,K,0.006718928000000001
R408H,408,R,H,0.008880436
R408P,408,R,P,0.009947023999999999
R408F,408,R,F,0.007044144
R408G,408,R,G,0.011116028
R408C,408,R,C,0.009090355999999999
R408E,408,R,E,0.019255785999999997
Q409E,409,Q,E,0.01397145531914893
I410V,410,I,V,0.005858761999999998
A411S,411,A,S,0.004541999999999999
A411R,411,A,R,0.005259864000000002
A411Q,411,A,Q,0.0065881
A411G,411,A,G,0.005318776
A411E,411,A,E,0.006527034
G413R,413,G,R,0.009106451999999998
G413M,413,G,M,0.008848503999999998
G413N,413,G,N,0.012982478000000002
G413L,413,G,L,0.008397935999999996
G413Q,413,G,Q,0.007664235999999998
G413K,413,G,K,0.01129724
G413H,413,G,H,0.009007117999999996
G413F,413,G,F,0.006746482000000001
G413S,413,G,S,0.006171661999999999
G413A,413,G,A,0.006018864000000001
G413Y,413,G,Y,0.008278298
G413C,413,G,C,0.005498325399999999
Q414C,414,Q,C,0.005574268200000001
Q414E,414,Q,E,0.007468036000000001
Q414G,414,Q,G,0.007368094000000003
Q414I,414,Q,I,0.005498550600000002
Q414K,414,Q,K,0.00691824
Q414R,414,Q,R,0.005080464
Q414S,414,Q,S,0.006380764000000002
Q414T,414,Q,T,0.006431988000000002
Q414V,414,Q,V,0.00686756
Q414A,414,Q,A,0.0076752140000000005
Q414M,414,Q,M,0.006471570000000002
T415I,415,T,I,0.005268786
T415H,415,T,H,0.007799323999999997
T415Y,415,T,Y,0.00500161
T415S,415,T,S,0.006933053999999999
T415R,415,T,R,0.006423857599999999
T415Q,415,T,Q,0.005844208
T415N,415,T,N,0.007088446000000001
T415V,415,T,V,0.006958166000000001
T415K,415,T,K,0.005009342200000001
T415A,415,T,A,0.0063782759999999996
T415D,415,T,D,0.012605950000000001
T415E,415,T,E,0.006720012
T415G,415,T,G,0.019728426
T415M,415,T,M,0.005521828000000001
K417S,417,K,S,0.052064291999999984
K417R,417,K,R,0.03268030999999999
K417Q,417,K,Q,0.05122954799999998
K417P,417,K,P,0.05691644579999999
K417N,417,K,N,0.05482009400000001
K417A,417,K,A,0.05376355599999999
K417C,417,K,C,0.05287164
K417D,417,K,D,0.07823692599999997
K417E,417,K,E,0.079883792
K417F,417,K,F,0.07658307800000003
K417G,417,K,G,0.058174272
K417H,417,K,H,0.06293365
K417M,417,K,M,0.054262092000000005
K417T,417,K,T,0.057826076000000004
K417W,417,K,W,0.06122161979999999
K417Y,417,K,Y,0.07071327399999998
K417I,417,K,I,0.054528638000000004
K417V,417,K,V,0.05284208199999999
K417L,417,K,L,0.056765505999999986
I418V,418,I,V,0.006004063999999999
A419P,419,A,P,0.007462077400000001
A419S,419,A,S,0.0053625800000000005
D420S,420,D,S,0.023307137999999995
D420R,420,D,R,0.054753831999999995
D420Q,420,D,Q,0.052177854
D420N,420,D,N,0.04764563800000001
D420M,420,D,M,0.046213076000000006
D420K,420,D,K,0.04884770800000001
D420E,420,D,E,0.04717910000000001
D420A,420,D,A,0.04680684000000001
Y421F,421,Y,F,0.008327995999999997
Y421L,421,Y,L,0.025115311999999997
Y421M,421,Y,M,0.006783724
Y421W,421,Y,W,0.04568086600000001
K424R,424,K,R,0.0061490860000000015
K424H,424,K,H,0.004953852
L425V,425,L,V,0.0055483519999999995
L425M,425,L,M,0.0052185680000000016
L425I,425,L,I,0.005831894
D427N,427,D,N,0.006223962200000001
D427V,427,D,V,0.006468267999999999
D427T,427,D,T,0.006015102000000001
D427P,427,D,P,0.0070638939999999985
D427Y,427,D,Y,0.005398636
D427A,427,D,A,0.0065541900000000005
D427S,427,D,S,0.0064348059999999995
D427R,427,D,R,0.006315392000000002
D427W,427,D,W,0.006596015999999998
D427E,427,D,E,0.00719456
D427Q,427,D,Q,0.008386356000000001
D427M,427,D,M,0.006421692
D427L,427,D,L,0.007398453999999998
D427I,427,D,I,0.0061845699999999995
D427F,427,D,F,0.0051637140000000015
D427H,427,D,H,0.006771658000000002
D427G,427,D,G,0.006055741999999999
D427K,427,D,K,0.007095300000000003
D428G,428,D,G,0.0053746487999999995
D428A,428,D,A,0.005355263999999999
D428E,428,D,E,0.005693994
D428H,428,D,H,0.00579328
D428K,428,D,K,0.007917684
D428P,428,D,P,0.006124174000000002
D428Q,428,D,Q,0.005796912000000002
D428R,428,D,R,0.005594279999999998
D428S,428,D,S,0.005863024
D428T,428,D,T,0.006297236
D428N,428,D,N,0.013498468
F429W,429,F,W,0.0061895520000000035
T430R,430,T,R,0.0085136164
T430S,430,T,S,0.005636342000000001
T430V,430,T,V,0.006996401999999998
T430Q,430,T,Q,0.007481119999999999
T430C,430,T,C,0.006584556
T430M,430,T,M,0.005941982000000002
T430F,430,T,F,0.006693956
T430K,430,T,K,0.006467490000000001
T430I,430,T,I,0.006014830000000001
T430H,430,T,H,0.006394767
T430A,430,T,A,0.006135676000000003
T430N,430,T,N,0.007373578000000004
T430L,430,T,L,0.005899491999999999
T430Y,430,T,Y,0.008997289999999996
T430W,430,T,W,0.005269853999999999
V433I,433,V,I,0.00600776
I434Y,434,I,Y,0.012453396000000004
I434W,434,I,W,0.0066999902
I434V,434,I,V,0.00587384
I434M,434,I,M,0.005014329600000001
I434L,434,I,L,0.0056644519999999995
I434F,434,I,F,0.010054196
A435T,435,A,T,0.005594327999999998
A435S,435,A,S,0.006072908000000003
N437P,437,N,P,0.02387992399999999
S438A,438,S,A,0.005673124000000001
S438T,438,S,T,0.006295626000000002
N439S,439,N,S,0.033588474
N439Q,439,N,Q,0.009720514000000001
N439M,439,N,M,0.008895864
N439L,439,N,L,0.011338588
N439K,439,N,K,0.011973792499999998
N439H,439,N,H,0.009517552
N439D,439,N,D,0.007702532
N439T,439,N,T,0.04017783
N439Y,439,N,Y,0.022358592
N439V,439,N,V,0.013513318000000002
N440G,440,N,G,0.007300428000000001
N440L,440,N,L,0.040651676
N440K,440,N,K,0.033453152
N440I,440,N,I,0.032651111999999996
N440H,440,N,H,0.007565868
N440F,440,N,F,0.029424728000000004
N440E,440,N,E,0.023159629999999997
N440D,440,N,D,0.017697277999999997
N440C,440,N,C,0.009507966000000001
N440Q,440,N,Q,0.01042234
N440R,440,N,R,0.012604749999999998
N440S,440,N,S,0.007326016000000001
N440P,440,N,P,0.007634427999999999
N440T,440,N,T,0.018613086
N440Y,440,N,Y,0.018094294
N440A,440,N,A,0.007561398
N440V,440,N,V,0.020504464000000003
N440M,440,N,M,0.017180453999999998
L441W,441,L,W,0.006061644444444444
L441V,441,L,V,0.007026582000000001
L441S,441,L,S,0.035343264
L441R,441,L,R,0.005623074000000001
L441Q,441,L,Q,0.006865391999999998
L441I,441,L,I,0.006632879999999999
L441H,441,L,H,0.00819718806
L441F,441,L,F,0.005772762000000002
L441A,441,L,A,0.008538968000000001
S443T,443,S,T,0.014048305999999995
S443C,443,S,C,0.022859380000000006
S443G,443,S,G,0.028632865999999986
S443N,443,S,N,0.048840942000000005
S443Q,443,S,Q,0.046832106
S443V,443,S,V,0.029357312000000003
S443Y,443,S,Y,0.08145339199999999
S443A,443,S,A,0.0077103239999999984
K444E,444,K,E,0.07917047599999999
K444F,444,K,F,0.075365818
K444A,444,K,A,0.074682594
K444G,444,K,G,0.136179404
K444L,444,K,L,0.08166485400000001
K444I,444,K,I,0.08135011399999997
K444M,444,K,M,0.072915902
K444N,444,K,N,0.05942710799999999
K444P,444,K,P,0.08611414999999999
K444Q,444,K,Q,0.069131396
K444R,444,K,R,0.028628168800000006
K444S,444,K,S,0.053450524
K444T,444,K,T,0.05350163
K444H,444,K,H,0.04855248599999999
K444W,444,K,W,0.078916978
K444V,444,K,V,0.07426847199999999
K444C,444,K,C,0.05354442199999999
K444Y,444,K,Y,0.07928271999999999
K444D,444,K,D,0.07867780400000002
V445H,445,V,H,0.028462467999999998
V445G,445,V,G,0.09678710600000001
V445F,445,V,F,0.031351584
V445E,445,V,E,0.0356182964
V445D,445,V,D,0.05785408
V445C,445,V,C,0.03773721399999999
V445I,445,V,I,0.010224723999999996
V445K,445,V,K,0.044609804
V445L,445,V,L,0.027926060000000003
V445A,445,V,A,0.033862714
V445N,445,V,N,0.045229582
V445Y,445,V,Y,0.03649569
V445W,445,V,W,0.04013099800000001
V445T,445,V,T,0.032279013999999995
V445S,445,V,S,0.044737968
V445R,445,V,R,0.04204632800000001
V445Q,445,V,Q,0.036200508
V445P,445,V,P,0.06028966400000001
V445M,445,V,M,0.0216608986
G446S,446,G,S,0.03901253
G446N,446,G,N,0.04200566199999999
G446M,446,G,M,0.03967916600000001
G446L,446,G,L,0.059809876000000005
G446K,446,G,K,0.06672581000000002
G446I,446,G,I,0.06617939
G446F,446,G,F,0.051333127999999985
G446E,446,G,E,0.05392312
G446D,446,G,D,0.050920954
G446C,446,G,C,0.046684354
G446A,446,G,A,0.04207146799999999
G446Y,446,G,Y,0.05193753
G446W,446,G,W,0.041057314
G446V,446,G,V,0.08182977600000002
G446P,446,G,P,0.0791706468
G446Q,446,G,Q,0.04207179600000001
G446R,446,G,R,0.063523002
G446H,446,G,H,0.04841424
G446T,446,G,T,0.052607936000000015
G447C,447,G,C,0.048361398
G447P,447,G,P,0.11447469
G447M,447,G,M,0.06316641860000001
G447N,447,G,N,0.09852477600000001
G447I,447,G,I,0.060879013999999995
G447Q,447,G,Q,0.091919872
G447R,447,G,R,0.042180488
G447S,447,G,S,0.057810218000000024
G447T,447,G,T,0.06600129999999998
G447V,447,G,V,0.06815365600000002
G447Y,447,G,Y,0.06389591
G447H,447,G,H,0.08248255199999999
G447F,447,G,F,0.07673080400000001
G447E,447,G,E,0.11254021399999997
G447D,447,G,D,0.115256468
G447A,447,G,A,0.042717505999999995
G447L,447,G,L,0.09648379200000001
G447K,447,G,K,0.08008056799999999
N448G,448,N,G,0.07815935800000001
N448T,448,N,T,0.042870412
N448H,448,N,H,0.05242922
N448K,448,N,K,0.12101450800000002
N448P,448,N,P,0.12227068200000002
N448Q,448,N,Q,0.04909996399999999
N448R,448,N,R,0.10506242400000002
N448S,448,N,S,0.024561333999999997
N448Y,448,N,Y,0.06464582
N448V,448,N,V,0.06933333
N448E,448,N,E,0.05171378000000001
N448C,448,N,C,0.03830320400000001
N448A,448,N,A,0.03373953600000001
N448D,448,N,D,0.07557551199999998
Y449N,449,Y,N,0.04139699799999999
Y449E,449,Y,E,0.059593966000000026
Y449F,449,Y,F,0.0163628294
Y449G,449,Y,G,0.03326275400000001
Y449H,449,Y,H,0.03647144399999999
Y449I,449,Y,I,0.05650556599999998
Y449K,449,Y,K,0.10463763199999997
Y449L,449,Y,L,0.05805841
Y449W,449,Y,W,0.009795424000000002
Y449V,449,Y,V,0.058368772000000006
Y449T,449,Y,T,0.06626038999999999
Y449S,449,Y,S,0.05522314800000002
Y449R,449,Y,R,0.089080524
Y449Q,449,Y,Q,0.05250440400000001
Y449P,449,Y,P,0.072800598
Y449C,449,Y,C,0.04685387800000001
Y449A,449,Y,A,0.056140833999999966
Y449D,449,Y,D,0.070652034
Y449M,449,Y,M,0.025424388000000003
N450L,450,N,L,0.010399921999999999
N450A,450,N,A,0.009240680000000003
N450C,450,N,C,0.013537924
N450D,450,N,D,0.04366180800000001
N450E,450,N,E,0.020231303399999994
N450F,450,N,F,0.011094619999999994
N450G,450,N,G,0.011434409999999997
N450H,450,N,H,0.010424113999999995
N450I,450,N,I,0.011162453999999999
N450K,450,N,K,0.015461874199999994
N450M,450,N,M,0.0086809582
N450R,450,N,R,0.013770666000000004
N450P,450,N,P,0.14242213800000003
N450Q,450,N,Q,0.011387922
N450S,450,N,S,0.025440255999999994
N450T,450,N,T,0.19174645999999998
N450V,450,N,V,0.011835369999999998
N450W,450,N,W,0.011681761999999998
N450Y,450,N,Y,0.013169294000000005
Y451H,451,Y,H,0.008695679999999997
Y451Q,451,Y,Q,0.006273956
Y451F,451,Y,F,0.007298339999999998
Y451M,451,Y,M,0.006133250000000002
Y451L,451,Y,L,0.00993701
Y451I,451,Y,I,0.007158019999999999
L452K,452,L,K,0.086427642
L452E,452,L,E,0.06992863999999997
L452T,452,L,T,0.059759984000000016
L452D,452,L,D,0.06426529800000001
L452I,452,L,I,0.007288492000000002
L452Y,452,L,Y,0.06478619800000002
L452W,452,L,W,0.066010412
L452A,452,L,A,0.024732904000000007
L452C,452,L,C,0.021065866
L452H,452,L,H,0.029306891999999998
L452M,452,L,M,0.013740922
L452N,452,L,N,0.022584653999999996
L452G,452,L,G,0.023773363999999995
L452Q,452,L,Q,0.023904937999999997
L452R,452,L,R,0.090802444
L452V,452,L,V,0.012238163999999994
L452S,452,L,S,0.04998251800000001
L452F,452,L,F,0.04426566199999999
Y453F,453,Y,F,0.022552362000000003
Y453M,453,Y,M,0.020824945999999997
Y453A,453,Y,A,0.031303515999999997
Y453V,453,Y,V,0.04197516199999999
Y453K,453,Y,K,0.034889554
Y453S,453,Y,S,0.023815726000000002
Y453H,453,Y,H,0.025339042
Y453R,453,Y,R,0.056003867000000006
L455A,455,L,A,0.090924814
L455R,455,L,R,0.13834542199999994
L455W,455,L,W,0.07602857000000002
L455T,455,L,T,0.04226717599999999
L455V,455,L,V,0.011823590000000005
L455Y,455,L,Y,0.04593258000000002
L455F,455,L,F,0.04874692600000001
L455C,455,L,C,0.043500923999999996
L455S,455,L,S,0.082742346
L455E,455,L,E,0.11064103000000003
L455M,455,L,M,0.019005384199999996
L455P,455,L,P,0.09093319600000002
L455I,455,L,I,0.008772015999999999
L455G,455,L,G,0.11681565199999999
L455H,455,L,H,0.084815792
L455N,455,L,N,0.12210232444444444
F456R,456,F,R,0.16020193400000005
F456Y,456,F,Y,0.05475359400000001
F456A,456,F,A,0.306063872
F456C,456,F,C,0.19619125599999998
F456T,456,F,T,0.251934072
F456H,456,F,H,0.07094226799999999
F456G,456,F,G,0.26636503
F456W,456,F,W,0.017738903999999996
F456L,456,F,L,0.033365997999999994
F456M,456,F,M,0.09090788387096772
F456Q,456,F,Q,0.236280698
F456V,456,F,V,0.184308436
F456I,456,F,I,0.18324714799999994
F456K,456,F,K,0.20521866999999996
K458E,458,K,E,0.006400450000000001
K458D,458,K,D,0.006620036
K458A,458,K,A,0.00503041
K458I,458,K,I,0.007961904
K458G,458,K,G,0.005967282000000001
K458H,458,K,H,0.007230494000000001
K458L,458,K,L,0.005326394
K458M,458,K,M,0.0048488839999999995
K458N,458,K,N,0.006261002
K458P,458,K,P,0.008737461999999998
K458Q,458,K,Q,0.005598122
K458R,458,K,R,0.005834856
K458S,458,K,S,0.00612842
K458T,458,K,T,0.006209466000000001
K458V,458,K,V,0.0060794959999999985
K458W,458,K,W,0.0049767560000000014
K458Y,458,K,Y,0.004941118000000001
K458F,458,K,F,0.005058370000000002
S459V,459,S,V,0.006707321999999999
S459Q,459,S,Q,0.011578363999999999
S459C,459,S,C,0.0066328160000000014
S459Y,459,S,Y,0.00523974
S459D,459,S,D,0.007079495999999999
S459E,459,S,E,0.008760392
S459A,459,S,A,0.006331673200000002
S459G,459,S,G,0.006629726000000002
S459H,459,S,H,0.007066627999999997
S459I,459,S,I,0.00468846
S459F,459,S,F,0.005352546000000001
S459L,459,S,L,0.005591446
S459M,459,S,M,0.005144998
S459N,459,S,N,0.0069189224
S459P,459,S,P,0.024419166000000003
S459R,459,S,R,0.006273408000000001
S459T,459,S,T,0.0070839423999999995
S459K,459,S,K,0.006943641399999998
N460A,460,N,A,0.02925084999999999
N460C,460,N,C,0.02350701
N460D,460,N,D,0.009754674
N460E,460,N,E,0.03834643799999998
N460F,460,N,F,0.04757235000000001
N460G,460,N,G,0.022733068
N460H,460,N,H,0.036027584419999995
N460K,460,N,K,0.031198104000000008
N460I,460,N,I,0.029325360199999994
N460M,460,N,M,0.029560456000000002
N460P,460,N,P,0.03122365400000001
N460Q,460,N,Q,0.029043122
N460R,460,N,R,0.028945289999999995
N460S,460,N,S,0.027272578000000002
N460T,460,N,T,0.028127564
N460V,460,N,V,0.028629388000000002
N460Y,460,N,Y,0.045449796000000015
N460L,460,N,L,0.04665773799999999
L461I,461,L,I,0.008383679999999998
L461V,461,L,V,0.006569210000000003
L461M,461,L,M,0.004931642000000001
K462Q,462,K,Q,0.007416574000000004
K462Y,462,K,Y,0.007064868000000001
K462V,462,K,V,0.005525612
K462T,462,K,T,0.0065122315800000006
K462S,462,K,S,0.006816795999999999
K462R,462,K,R,0.007203766
K462N,462,K,N,0.0075468140000000015
K462D,462,K,D,0.006122326
K462L,462,K,L,0.0059881740000000015
K462M,462,K,M,0.0062213020000000015
K462A,462,K,A,0.006416192
K462E,462,K,E,0.006953988000000001
K462C,462,K,C,0.006944716
K462G,462,K,G,0.006034072000000002
K462H,462,K,H,0.005990995999999999
K462I,462,K,I,0.006969261999999999
K462F,462,K,F,0.005567131999999999
P463A,463,P,A,0.0065976080000000005
F464W,464,F,W,0.005552138
F464S,464,F,S,0.008773494
F464L,464,F,L,0.006991182000000001
F464Q,464,F,Q,0.007262283999999997
F464Y,464,F,Y,0.0071159802
F464N,464,F,N,0.007648504000000001
F464A,464,F,A,0.007979548000000001
F464G,464,F,G,0.0087586023
F464H,464,F,H,0.0062100379999999985
F464M,464,F,M,0.006230502
E465H,465,E,H,0.006888958
E465D,465,E,D,0.007360909999999998
E465G,465,E,G,0.006063235999999999
E465Q,465,E,Q,0.0069867739999999985
R466Q,466,R,Q,0.007945616000000003
R466H,466,R,H,0.007222897999999998
R466K,466,R,K,0.007511783999999998
I468Q,468,I,Q,0.007205048
I468R,468,I,R,0.0058125699999999995
I468V,468,I,V,0.006250044000000002
I468Y,468,I,Y,0.008123134
I468H,468,I,H,0.013800131999999994
I468D,468,I,D,0.007984666000000003
I468C,468,I,C,0.008707234000000003
I468A,468,I,A,0.006282888000000002
I468K,468,I,K,0.0068569220000000005
I468L,468,I,L,0.007317591999999997
I468M,468,I,M,0.007503018000000001
I468N,468,I,N,0.011004056
I468P,468,I,P,0.007364640199999999
I468T,468,I,T,0.008657516
I468S,468,I,S,0.007041069999999999
I468E,468,I,E,0.009959756
I468G,468,I,G,0.007383520000000001
S469Q,469,S,Q,0.006751646
S469N,469,S,N,0.006190415999999999
S469A,469,S,A,0.006485172000000001
S469K,469,S,K,0.005446760800000001
S469D,469,S,D,0.006290541999999999
S469C,469,S,C,0.007358907999999997
S469R,469,S,R,0.005503290000000001
S469T,469,S,T,0.006415877999999998
S469E,469,S,E,0.005741467999999999
S469G,469,S,G,0.006309992000000002
T470Y,470,T,Y,0.0046784999999999995
T470V,470,T,V,0.005330724000000001
T470D,470,T,D,0.012475418
T470S,470,T,S,0.006479324799999996
T470R,470,T,R,0.010091106
T470Q,470,T,Q,0.009881510000000001
T470N,470,T,N,0.017650170000000003
T470C,470,T,C,0.006945322
T470M,470,T,M,0.005174548
T470L,470,T,L,0.005368842000000002
T470K,470,T,K,0.009008261999999998
T470I,470,T,I,0.0055780360000000015
T470H,470,T,H,0.005726687999999997
T470G,470,T,G,0.008089190000000003
T470F,470,T,F,0.004169058000000001
T470E,470,T,E,0.016611605999999998
T470A,470,T,A,0.005991865999999996
E471Y,471,E,Y,0.005004799999999999
E471V,471,E,V,0.005134443
E471T,471,E,T,0.006653891999999999
E471S,471,E,S,0.00594947
E471A,471,E,A,0.005837570000000001
E471P,471,E,P,0.008738057999999998
E471N,471,E,N,0.0054960823999999995
E471M,471,E,M,0.005220294000000002
E471L,471,E,L,0.004801755999999999
E471K,471,E,K,0.005524985999999999
E471I,471,E,I,0.004606460599999999
E471H,471,E,H,0.005572161999999999
E471G,471,E,G,0.006401193999999999
E471D,471,E,D,0.007133895999999998
E471C,471,E,C,0.017643342
E471Q,471,E,Q,0.0059451242000000005
E471R,471,E,R,0.005221570000000002
E471F,471,E,F,0.005873559999999999
I472N,472,I,N,0.036303592
I472V,472,I,V,0.006933746000000002
I472T,472,I,T,0.010063963999999998
I472S,472,I,S,0.046258676000000006
I472Q,472,I,Q,0.022015930000000003
I472P,472,I,P,0.029778979999999993
I472M,472,I,M,0.015764989999999993
I472W,472,I,W,0.09141865599999999
I472L,472,I,L,0.012196895999999992
I472H,472,I,H,0.03296141159999999
I472G,472,I,G,0.14133552000000002
I472F,472,I,F,0.024863152000000003
I472E,472,I,E,0.06675285
I472D,472,I,D,0.14046324599999999
I472C,472,I,C,0.05005811199999998
I472A,472,I,A,0.024201751999999997
I472K,472,I,K,0.088823632
I472Y,472,I,Y,0.039611982000000004
Y473V,473,Y,V,0.08203453200000002
Y473L,473,Y,L,0.04553881200000002
Y473T,473,Y,T,0.0697277
Y473M,473,Y,M,0.043013732
Y473S,473,Y,S,0.08459498399999997
Y473W,473,Y,W,0.013646736000000003
Y473A,473,Y,A,0.10153236400000001
Y473C,473,Y,C,0.08641608399999998
Y473E,473,Y,E,0.07782323
Y473F,473,Y,F,0.007160120000000001
Y473H,473,Y,H,0.010170084000000001
Y473I,473,Y,I,0.069845162
Y473N,473,Y,N,0.079267276
Y473Q,473,Y,Q,0.07166046799999999
Q474V,474,Q,V,0.006075761999999999
Q474T,474,Q,T,0.005639924000000001
Q474S,474,Q,S,0.006270244000000003
Q474R,474,Q,R,0.005905438
Q474N,474,Q,N,0.007461218000000003
Q474M,474,Q,M,0.0041408954
Q474K,474,Q,K,0.006530568000000001
Q474H,474,Q,H,0.0053966204000000005
Q474G,474,Q,G,0.006281017999999999
Q474E,474,Q,E,0.006317493999999998
Q474D,474,Q,D,0.006417566
Q474A,474,Q,A,0.005377736000000001
Q474P,474,Q,P,0.006412810000000001
A475F,475,A,F,0.046970939999999996
A475Y,475,A,Y,0.05140651999999999
A475D,475,A,D,0.08304711000000004
A475C,475,A,C,0.008424145999999999
A475E,475,A,E,0.05869610000000001
A475G,475,A,G,0.012922082000000003
A475L,475,A,L,0.007398592000000001
A475K,475,A,K,0.06312630399999998
A475V,475,A,V,0.026559256000000007
A475I,475,A,I,0.038858268
A475T,475,A,T,0.009163720000000002
A475M,475,A,M,0.026115190000000003
A475S,475,A,S,0.008464417999999998
A475R,475,A,R,0.05179139400000001
A475Q,475,A,Q,0.033145644
A475N,475,A,N,0.09518826999999998
G476A,476,G,A,0.006696494000000001
G476Q,476,G,Q,0.030518554000000003
G476E,476,G,E,0.067619268
G476H,476,G,H,0.017751169999999997
G476K,476,G,K,0.04893486199999999
G476T,476,G,T,0.047868258
G476N,476,G,N,0.041111482000000005
G476R,476,G,R,0.049059264000000005
G476S,476,G,S,0.008154047999999999
G476D,476,G,D,0.047089835999999996
S477Y,477,S,Y,0.0046987550000000015
S477W,477,S,W,0.004302880000000002
S477V,477,S,V,0.006909898000000002
S477T,477,S,T,0.006616459999999999
S477R,477,S,R,0.006098328000000002
S477Q,477,S,Q,0.010705288
S477P,477,S,P,0.005526472000000001
S477I,477,S,I,0.005911021999999999
S477M,477,S,M,0.005444384615384615
S477L,477,S,L,0.006941813999999999
S477H,477,S,H,0.0057525007999999975
S477G,477,S,G,0.00605959
S477F,477,S,F,0.005577551999999999
S477D,477,S,D,0.007697246000000001
S477A,477,S,A,0.006470467999999998
S477N,477,S,N,0.0070320159999999994
S477C,477,S,C,0.005619516000000003
T478S,478,T,S,0.006111896000000001
T478V,478,T,V,0.0057375800000000025
T478Q,478,T,Q,0.006824425999999999
T478R,478,T,R,0.005482197999999999
T478I,478,T,I,0.005410531979999999
T478K,478,T,K,0.005742955600000001
T478L,478,T,L,0.0052871060000000015
T478M,478,T,M,0.005767984000000003
T478N,478,T,N,0.005514608000000001
T478W,478,T,W,0.006591069999999999
T478P,478,T,P,0.006239129999999997
T478A,478,T,A,0.007024612000000001
T478H,478,T,H,0.005571382000000001
T478G,478,T,G,0.006594298000000002
T478F,478,T,F,0.005001966000000001
T478C,478,T,C,0.006098970000000001
T478D,478,T,D,0.008928616
T478E,478,T,E,0.007138940599999999
T478Y,478,T,Y,0.005239058000000001
P479C,479,P,C,0.005493052199999998
P479Y,479,P,Y,0.0056142460000000016
P479A,479,P,A,0.006035996000000001
P479D,479,P,D,0.006182458399999999
P479H,479,P,H,0.00592462
P479F,479,P,F,0.005858284
P479G,479,P,G,0.0054631079999999995
P479I,479,P,I,0.0067606920000000004
P479K,479,P,K,0.0073712119999999985
P479L,479,P,L,0.005715540219999999
P479M,479,P,M,0.006323660000000001
P479N,479,P,N,0.006141939999999999
P479Q,479,P,Q,0.006373192
P479R,479,P,R,0.006329035999999999
P479S,479,P,S,0.006001238000000004
P479T,479,P,T,0.006232354000000001
P479V,479,P,V,0.006008115999999999
P479E,479,P,E,0.008808980000000001
N481A,481,N,A,0.006568256
N481C,481,N,C,0.005488376
N481E,481,N,E,0.006306418000000001
N481S,481,N,S,0.006938217999999999
N481V,481,N,V,0.010182559999999993
N481F,481,N,F,0.0054536479999999984
N481G,481,N,G,0.006566656000000001
N481H,481,N,H,0.005456834000000001
N481Y,481,N,Y,0.0059129199999999995
N481K,481,N,K,0.006259439800000001
N481L,481,N,L,0.0065992260000000014
N481I,481,N,I,0.007311413999999997
N481M,481,N,M,0.0064578268
N481P,481,N,P,0.012602588000000001
N481Q,481,N,Q,0.00616991
N481R,481,N,R,0.005885031999999999
N481T,481,N,T,0.011130624
N481D,481,N,D,0.006046666000000002
G482L,482,G,L,0.009630104
G482Y,482,G,Y,0.007346227999999999
G482T,482,G,T,0.01339660400000001
G482S,482,G,S,0.008137602
G482R,482,G,R,0.007047792
G482Q,482,G,Q,0.006687481999999998
G482N,482,G,N,0.007329316
G482K,482,G,K,0.007205028
G482P,482,G,P,0.025412741999999985
G482F,482,G,F,0.0058291260000000004
G482D,482,G,D,0.018746881999999992
G482C,482,G,C,0.006723503999999998
G482A,482,G,A,0.0078821726
G482H,482,G,H,0.006623284000000002
V483K,483,V,K,0.050434236000000014
V483L,483,V,L,0.005850484000000001
V483M,483,V,M,0.009274992
V483Y,483,V,Y,0.017207000999999996
V483C,483,V,C,0.007866544
V483R,483,V,R,0.04116145400000001
V483Q,483,V,Q,0.021735446000000005
V483I,483,V,I,0.006204361999999999
V483S,483,V,S,0.054844240000000016
V483T,483,V,T,0.038527488
V483W,483,V,W,0.007921408000000001
V483A,483,V,A,0.015190480000000001
V483H,483,V,H,0.013221921999999999
V483N,483,V,N,0.017733007999999998
V483D,483,V,D,0.040951386000000006
V483E,483,V,E,0.047910076
V483F,483,V,F,0.005687344
V483G,483,V,G,0.025114224000000004
E484F,484,E,F,0.24448715799999998
E484H,484,E,H,0.22835974399999992
E484G,484,E,G,0.09602967999999999
E484L,484,E,L,0.22243808000000004
E484D,484,E,D,0.088972766
E484C,484,E,C,0.174399592
E484M,484,E,M,0.14402010400000007
E484N,484,E,N,0.12123304399999997
E484P,484,E,P,0.23154776999999999
E484Q,484,E,Q,0.11003178599999996
E484R,484,E,R,0.11885471599999997
E484A,484,E,A,0.16384893199999997
E484S,484,E,S,0.10988213399999999
E484T,484,E,T,0.128467266
E484V,484,E,V,0.22598114000000002
E484W,484,E,W,0.159674396
E484Y,484,E,Y,0.22464199200000007
E484I,484,E,I,0.209112814
E484K,484,E,K,0.12485724399999996
G485R,485,G,R,0.05096137200000002
G485A,485,G,A,0.018089449999999997
G485C,485,G,C,0.022500488000000006
G485D,485,G,D,0.10508431399999997
G485E,485,G,E,0.03687553799999999
G485H,485,G,H,0.033071420000000004
G485K,485,G,K,0.03905869199999999
G485M,485,G,M,0.015140724000000005
G485N,485,G,N,0.0395375676
G485P,485,G,P,0.21719793599999995
G485T,485,G,T,0.05763265600000001
G485S,485,G,S,0.017352407999999996
G485Q,485,G,Q,0.02118184680851064
F486I,486,F,I,0.07664593999999998
F486K,486,F,K,0.11902626399999999
F486R,486,F,R,0.10066510199999998
F486M,486,F,M,0.031152038799999997
F486N,486,F,N,0.08163492
F486P,486,F,P,0.117687338
F486Q,486,F,Q,0.08254377599999999
F486S,486,F,S,0.105718092
F486T,486,F,T,0.1249232
F486V,486,F,V,0.080435764
F486W,486,F,W,0.028321761999999997
F486Y,486,F,Y,0.011672713999999997
F486H,486,F,H,0.045995296000000005
F486L,486,F,L,0.059452538
F486G,486,F,G,0.15299884799999997
F486C,486,F,C,0.076616632
F486D,486,F,D,0.10551247999999999
F486A,486,F,A,0.091778808
F486E,486,F,E,0.098529172
N487L,487,N,L,0.05500462600000001
N487Y,487,N,Y,0.08267770434782609
N487T,487,N,T,0.06646664399999998
N487S,487,N,S,0.040805909999999994
N487R,487,N,R,0.09921206199999999
N487Q,487,N,Q,0.053011420000000004
N487K,487,N,K,0.08984564199999999
N487H,487,N,H,0.03937053199999999
N487G,487,N,G,0.03575365
N487F,487,N,F,0.068219954
N487E,487,N,E,0.07625373999999999
N487D,487,N,D,0.0778976
N487A,487,N,A,0.043419243999999996
N487M,487,N,M,0.04607761999999999
Y489F,489,Y,F,0.019322496
Y489H,489,Y,H,0.081414498
Y489M,489,Y,M,0.07151558599999999
Y489L,489,Y,L,0.093095874
Y489Q,489,Y,Q,0.10651795799999998
Y489V,489,Y,V,0.123538462
Y489W,489,Y,W,0.057292850000000006
Y489I,489,Y,I,0.11529287799999999
F490H,490,F,H,0.02446379599999999
F490S,490,F,S,0.071579468
F490R,490,F,R,0.14418269399999997
F490Q,490,F,Q,0.10848148
F490N,490,F,N,0.12681490599999998
F490M,490,F,M,0.045061662000000016
F490L,490,F,L,0.09513866
F490K,490,F,K,0.15936806399999998
F490I,490,F,I,0.10103482799999998
F490G,490,F,G,0.07948657399999999
F490P,490,F,P,0.12037588999999996
F490V,490,F,V,0.10387221200000002
F490T,490,F,T,0.08845951599999999
F490W,490,F,W,0.024975656
F490Y,490,F,Y,0.022685185999999996
F490A,490,F,A,0.07608500400000001
F490E,490,F,E,0.12685545399999998
F490D,490,F,D,0.13439170800000005
F490C,490,F,C,0.053311741999999995
L492I,492,L,I,0.008988174000000002
L492F,492,L,F,0.018550771999999997
L492V,492,L,V,0.031528388
Q493D,493,Q,D,0.057852302
Q493Y,493,Q,Y,0.060624414
Q493W,493,Q,W,0.05893295999999999
Q493V,493,Q,V,0.04960141000000002
Q493T,493,Q,T,0.051067182
Q493S,493,Q,S,0.030219094799999992
Q493R,493,Q,R,0.10764375600000003
Q493N,493,Q,N,0.011948294000000002
Q493M,493,Q,M,0.021573691489361706
Q493L,493,Q,L,0.04427827000000001
Q493K,493,Q,K,0.133775232
Q493I,493,Q,I,0.04838206
Q493H,493,Q,H,0.013659416
Q493G,493,Q,G,0.027281912
Q493A,493,Q,A,0.045107946000000024
Q493C,493,Q,C,0.08708167096774193
Q493F,493,Q,F,0.09653949999999999
Q493E,493,Q,E,0.034147876
S494T,494,S,T,0.015718582000000005
S494V,494,S,V,0.030037963999999986
S494R,494,S,R,0.12438321999999999
S494N,494,S,N,0.03335876
S494F,494,S,F,0.025786813999999998
S494Y,494,S,Y,0.046813574000000004
S494A,494,S,A,0.008788939999999997
S494D,494,S,D,0.058842740000000004
S494P,494,S,P,0.053730752
S494G,494,S,G,0.027315266000000008
S494H,494,S,H,0.03665998400000001
S494I,494,S,I,0.04023775199999999
S494K,494,S,K,0.10824457000000001
S494W,494,S,W,0.053655624
S494M,494,S,M,0.037370072000000004
G496A,496,G,A,0.012944057036
G496T,496,G,T,0.037111628
G496V,496,G,V,0.038870152
G496W,496,G,W,0.021578852
G496Y,496,G,Y,0.028037657999999993
G496H,496,G,H,0.031339108
G496I,496,G,I,0.038828522000000004
G496R,496,G,R,0.045242758
G496F,496,G,F,0.023264653999999996
G496E,496,G,E,0.036544917999999996
G496D,496,G,D,0.029606424
G496Q,496,G,Q,0.032832271999999996
G496N,496,G,N,0.025920609999999997
G496M,496,G,M,0.01819505
G496L,496,G,L,0.027224524
G496K,496,G,K,0.04894394
G496C,496,G,C,0.03681318999999999
G496S,496,G,S,0.024221102000000005
Q498Y,498,Q,Y,0.018812623999999997
Q498L,498,Q,L,0.023523425999999997
Q498T,498,Q,T,0.007685641199999998
Q498S,498,Q,S,0.005893633000000001
Q498R,498,Q,R,0.029854623999999993
Q498N,498,Q,N,0.010894669999999997
Q498M,498,Q,M,0.013487694
Q498K,498,Q,K,0.033673948
Q498I,498,Q,I,0.018135969999999998
Q498H,498,Q,H,0.014542876
Q498G,498,Q,G,0.015320701999999999
Q498F,498,Q,F,0.016314092
Q498E,498,Q,E,0.021192814
Q498D,498,Q,D,0.02493736046511628
Q498V,498,Q,V,0.011890735999999999
Q498C,498,Q,C,0.022002358000000003
Q498A,498,Q,A,0.011370037999999997
Q498W,498,Q,W,0.027970078
P499A,499,P,A,0.015459399999999998
P499C,499,P,C,0.058500986
P499D,499,P,D,0.047523755999999986
P499E,499,P,E,0.04254886199999999
P499H,499,P,H,0.026446817999999997
P499L,499,P,L,0.010017506
P499M,499,P,M,0.01814283
P499N,499,P,N,0.0317714474
P499Y,499,P,Y,0.023423009999999994
P499Q,499,P,Q,0.030484010000000002
P499R,499,P,R,0.0321711
P499S,499,P,S,0.033123823999999996
P499T,499,P,T,0.024802262
P499V,499,P,V,0.012443196000000004
P499G,499,P,G,0.061927873999999994
T500D,500,T,D,0.029862792
T500A,500,T,A,0.0067332200000000016
T500C,500,T,C,0.011968311999999997
T500E,500,T,E,0.019695812000000004
T500F,500,T,F,0.014686992000000001
T500G,500,T,G,0.012913471999999999
T500H,500,T,H,0.015178916000000002
T500I,500,T,I,0.005493748
T500K,500,T,K,0.018955465999999997
T500L,500,T,L,0.006190266
T500M,500,T,M,0.009715192000000004
T500N,500,T,N,0.011744065999999997
T500P,500,T,P,0.008299942
T500Q,500,T,Q,0.007853956
T500R,500,T,R,0.016928964
T500S,500,T,S,0.006230814
T500V,500,T,V,0.006023863999999999
T500Y,500,T,Y,0.014833090199999996
T500W,500,T,W,0.018129064
N501A,501,N,A,0.015208632000000007
N501C,501,N,C,0.028555644000000005
N501Y,501,N,Y,0.008535979999999997
N501W,501,N,W,0.018799712
N501V,501,N,V,0.013919794000000001
N501T,501,N,T,0.011101333999999997
N501S,501,N,S,0.00954641
N501R,501,N,R,0.043499584
N501Q,501,N,Q,0.015583828999999995
N501M,501,N,M,0.018118964200000004
N501L,501,N,L,0.019341861999999994
N501I,501,N,I,0.007227155999999999
N501H,501,N,H,0.011362620000000004
N501G,501,N,G,0.020015226000000004
N501F,501,N,F,0.008644634
N501P,501,N,P,0.014806792000000003
V503A,503,V,A,0.009359826000000002
V503Y,503,V,Y,0.005454936000000002
V503G,503,V,G,0.005382569999999999
V503E,503,V,E,0.011163784
V503F,503,V,F,0.005401198000000003
V503H,503,V,H,0.006569706000000003
V503I,503,V,I,0.006126554000000001
V503K,503,V,K,0.005913804400000001
V503L,503,V,L,0.005777355799999999
V503D,503,V,D,0.005514126
V503M,503,V,M,0.006030892000000001
V503Q,503,V,Q,0.005845041999999997
V503R,503,V,R,0.00542647
V503S,503,V,S,0.040197970000000006
V503T,503,V,T,0.09435579000000002
V503W,503,V,W,0.005804060000000001
V503N,503,V,N,0.006073298000000006
V503C,503,V,C,0.005166369999999999
G504V,504,G,V,0.021221005999999987
G504Y,504,G,Y,0.00869664
G504W,504,G,W,0.011680918
G504R,504,G,R,0.010979544
G504T,504,G,T,0.009794062
G504S,504,G,S,0.009013137999999997
G504Q,504,G,Q,0.014759102
G504P,504,G,P,0.012232668
G504A,504,G,A,0.007872549999999999
G504N,504,G,N,0.016688715599999994
G504M,504,G,M,0.019829272000000002
G504K,504,G,K,0.019004062
G504L,504,G,L,0.023019116000000003
G504H,504,G,H,0.012481328000000003
G504F,504,G,F,0.012791226
G504E,504,G,E,0.010132113999999996
G504D,504,G,D,0.015169528000000002
G504C,504,G,C,0.028209484000000007
G504I,504,G,I,0.026916336000000003
Y505F,505,Y,F,0.006979631999999998
Y505N,505,Y,N,0.014615940000000004
Y505Q,505,Y,Q,0.019651292
Y505M,505,Y,M,0.013551180000000003
Y505W,505,Y,W,0.006641746399999999
Y505H,505,Y,H,0.011903490000000001
Q506E,506,Q,E,0.014635362
Q506A,506,Q,A,0.008943830000000002
Q506N,506,Q,N,0.007421235999999999
Q506H,506,Q,H,0.0156559
P507A,507,P,A,0.015195206000000003
Y508A,508,Y,A,0.009174671999999997
Y508F,508,Y,F,0.006065984
Y508H,508,Y,H,0.010099035999999997
Y508M,508,Y,M,0.007200920000000002
Y508N,508,Y,N,0.007653482000000001
Y508T,508,Y,T,0.008553688
Y508V,508,Y,V,0.007439408
Y508W,508,Y,W,0.008511924
V510I,510,V,I,0.004944350000000002
V512I,512,V,I,0.005595016
L513I,513,L,I,0.006454656
L513M,513,L,M,0.004451534
S514Q,514,S,Q,0.008549131799999997
S514V,514,S,V,0.009617858000000002
S514T,514,S,T,0.0072292300000000006
S514R,514,S,R,0.006260680000000002
S514N,514,S,N,0.005016874000000002
S514W,514,S,W,0.0060419040000000025
S514A,514,S,A,0.005898923999999999
S514Y,514,S,Y,0.009825538000000002
S514F,514,S,F,0.009136034
S514M,514,S,M,0.00709945
S514L,514,S,L,0.006716376
S514K,514,S,K,0.0074542520000000015
S514I,514,S,I,0.007487488
S514H,514,S,H,0.008903846000000003
S514G,514,S,G,0.006367078000000001
S514C,514,S,C,0.009712462
F515L,515,F,L,0.005695346000000001
F515M,515,F,M,0.007735230303030303
E516T,516,E,T,0.0060179783200000015
E516S,516,E,S,0.005603499999999998
E516D,516,E,D,0.010824789999999999
E516H,516,E,H,0.005773066000000001
E516K,516,E,K,0.006775184000000004
E516N,516,E,N,0.0061139446
E516P,516,E,P,0.00598358
E516R,516,E,R,0.006338943999999998
L517V,517,L,V,0.006530758000000001
L517R,517,L,R,0.006586217021276597
L517E,517,L,E,0.008294728000000001
L517H,517,L,H,0.007922177999999997
L517I,517,L,I,0.007477159999999998
L517K,517,L,K,0.00734645
L517T,517,L,T,0.008545623999999996
L517N,517,L,N,0.012937486
L517Q,517,L,Q,0.006937512599999997
L517S,517,L,S,0.009005676000000002
L517M,517,L,M,0.007034142000000004
L517Y,517,L,Y,0.006863776000000001
L518Q,518,L,Q,0.007861616
L518F,518,L,F,0.006761943999999997
L518H,518,L,H,0.007452578
L518I,518,L,I,0.014245113999999996
L518K,518,L,K,0.013615761999999998
L518M,518,L,M,0.007260321999999998
L518N,518,L,N,0.009737315999999998
L518P,518,L,P,0.011347808000000006
L518R,518,L,R,0.007777840000000001
L518S,518,L,S,0.0077343100199999985
L518T,518,L,T,0.0106182816
L518V,518,L,V,0.009485164
L518W,518,L,W,0.005671668000000001
L518Y,518,L,Y,0.007394183999999999
L518A,518,L,A,0.005323131578947368
H519V,519,H,V,0.005900915999999998
H519T,519,H,T,0.0068650780000000045
H519Y,519,H,Y,0.005886922
H519S,519,H,S,0.006880244000000002
H519R,519,H,R,0.005364108000000002
H519Q,519,H,Q,0.00889396666666667
H519P,519,H,P,0.007808130000000001
H519N,519,H,N,0.0074517179999999995
H519L,519,H,L,0.005414220399999998
H519D,519,H,D,0.0247639
H519F,519,H,F,0.005619026
H519C,519,H,C,0.007689617999999998
H519I,519,H,I,0.007203298000000002
A520L,520,A,L,0.008108820000000003
A520M,520,A,M,0.007610313
A520H,520,A,H,0.005470642060000002
A520G,520,A,G,0.007707306000000001
A520E,520,A,E,0.007446686000000004
A520D,520,A,D,0.009613907999999997
A520I,520,A,I,0.00864269791666667
A520F,520,A,F,0.006824340000000002
A520C,520,A,C,0.008955700400000002
A520V,520,A,V,0.005903196000000002
A520K,520,A,K,0.007491824000000001
A520N,520,A,N,0.007981866000000002
A520P,520,A,P,0.009956351999999998
A520R,520,A,R,0.004989928000000001
A520S,520,A,S,0.007753190000000001
A520T,520,A,T,0.007934150000000003
A520Y,520,A,Y,0.006508833999999998
P521H,521,P,H,0.005108027800000001
P521S,521,P,S,0.006171780000000001
P521T,521,P,T,0.006486539999999998
P521C,521,P,C,0.0048481676
P521F,521,P,F,0.0036649939999999995
P521N,521,P,N,0.012131328000000004
P521G,521,P,G,0.007178657999999996
P521R,521,P,R,0.006663347800000001
A522C,522,A,C,0.007203012000000001
A522D,522,A,D,0.011720831999999999
A522S,522,A,S,0.00678396
A522W,522,A,W,0.004255010810810812
A522H,522,A,H,0.006561628000000001
A522G,522,A,G,0.005716799999999999
A522I,522,A,I,0.0062682756000000004
A522K,522,A,K,0.006359264000000001
A522L,522,A,L,0.005981142000000002
A522M,522,A,M,0.006273988000000003
A522P,522,A,P,0.0069902639999999995
A522R,522,A,R,0.0058778680000000005
A522Y,522,A,Y,0.008686844999999999
A522E,522,A,E,0.008136115999999999
A522V,522,A,V,0.006929859999999999
A522T,522,A,T,0.007062848
T523Y,523,T,Y,0.007828476470588234
T523I,523,T,I,0.00747330294117647
V524I,524,V,I,0.006012831999999999
V524G,524,V,G,0.007459147058823529
V524A,524,V,A,0.00775445876
C525L,525,C,L,0.006552095999999999
C525N,525,C,N,0.009058354000000001
C525R,525,C,R,0.003920227200000001
C525S,525,C,S,0.008481206
C525T,525,C,T,0.00206136
C525I,525,C,I,0.006395186000000001
C525F,525,C,F,0.005263488000000002
C525A,525,C,A,0.005911792307692309
G526A,526,G,A,0.007606676000000002
G526E,526,G,E,0.011655068
G526L,526,G,L,0.010034162
G526N,526,G,N,0.007889153999999999
G526P,526,G,P,0.010086656000000001
G526R,526,G,R,0.006211744
G526S,526,G,S,0.007223054000000002
G526V,526,G,V,0.007300682000000002
G526W,526,G,W,0.005928548000000001
G526D,526,G,D,0.010892283999999999
P527I,527,P,I,0.008198965999999999
P527Y,527,P,Y,0.006310253999999999
P527Q,527,P,Q,0.0066854754800000004
P527N,527,P,N,0.0073562800000000015
P527M,527,P,M,0.006348134000000001
P527L,527,P,L,0.00717441746
P527K,527,P,K,0.006718172
P527A,527,P,A,0.006886785999999999
P527C,527,P,C,0.006293743999999999
P527E,527,P,E,0.008293713999999997
P527F,527,P,F,0.005493888
P527G,527,P,G,0.006475462
P527R,527,P,R,0.0069479419999999995
P527S,527,P,S,0.0067774179999999995
P527H,527,P,H,0.006615163999999999
P527W,527,P,W,0.0016640571428571428
P527V,527,P,V,0.0063394240000000015
P527T,527,P,T,0.007570865999999997
K528E,528,K,E,0.008164312
K528T,528,K,T,0.007802814
K528S,528,K,S,0.0071292379999999995
K528R,528,K,R,0.006978
K528Q,528,K,Q,0.007848756
K528P,528,K,P,0.007157556000000001
K528N,528,K,N,0.008420068400000001
K528M,528,K,M,0.007727148
K528I,528,K,I,0.0069890519999999965
K528V,528,K,V,0.008707688
K528H,528,K,H,0.006552834000000002
K528G,528,K,G,0.009184955999999998
K528D,528,K,D,0.009517445999999997
K528C,528,K,C,0.0061217
K528A,528,K,A,0.009354066
K528L,528,K,L,0.007409158
K528W,528,K,W,0.0059897859999999995
K528Y,528,K,Y,0.007341453999999997
K529E,529,K,E,0.008489732000000002
K529Y,529,K,Y,0.008785498000000001
K529W,529,K,W,0.006602481999999998
K529V,529,K,V,0.007920717999999998
K529T,529,K,T,0.010195516000000005
K529R,529,K,R,0.005290751999999999
K529Q,529,K,Q,0.0067413840000000004
K529P,529,K,P,0.007348143999999998
K529N,529,K,N,0.019968539999999993
K529S,529,K,S,0.008378702000000002
K529L,529,K,L,0.006755238000000001
K529M,529,K,M,0.008507069999999999
K529C,529,K,C,0.010292293999999997
K529G,529,K,G,0.007556429999999999
K529D,529,K,D,0.01693026
K529H,529,K,H,0.006054228400000001
K529I,529,K,I,0.006322222000000003
K529F,529,K,F,0.006586082000000002
S530L,530,S,L,0.005282648000000002
S530M,530,S,M,0.006576805999999999
S530N,530,S,N,0.007106106000000002
S530Y,530,S,Y,0.005548166000000001
S530W,530,S,W,0.004963573999999999
S530V,530,S,V,0.006597792
S530T,530,S,T,0.007423048
S530R,530,S,R,0.004438742000000001
S530Q,530,S,Q,0.0068608820000000004
S530P,530,S,P,0.006894431999999999
S530K,530,S,K,0.005545004
S530F,530,S,F,0.0050590287999999995
S530I,530,S,I,0.006318751999999999
S530G,530,S,G,0.006389967999999997
S530H,530,S,H,0.0057793428
S530E,530,S,E,0.010695968
S530D,530,S,D,0.009896226
S530C,530,S,C,0.008530898
S530A,530,S,A,0.009862632000000001
T531S,531,T,S,0.007259534940000001
T531A,531,T,A,0.006426260000000001
T531C,531,T,C,0.006279524
T531R,531,T,R,0.004837747799999999
T531N,531,T,N,0.007344784000000002
T531Q,531,T,Q,0.0070438240000000015
T531E,531,T,E,0.008870333999999999
T531F,531,T,F,0.005543508
T531G,531,T,G,0.007644488000000001
T531H,531,T,H,0.006432793999999999
T531I,531,T,I,0.005319073999999999
T531K,531,T,K,0.005629696
T531L,531,T,L,0.004945426
T531Y,531,T,Y,0.0053901494
T531W,531,T,W,0.004802224
T531V,531,T,V,0.005247712000000001
T531M,531,T,M,0.0052150848
T531D,531,T,D,0.009142645999999999
T531P,531,T,P,0.005711951199999999
