variant,site,wildtype,mutation,fitness
N331V,331,N,V,0.003631406
N331T,331,N,T,0.003860362
N331S,331,N,S,0.00387897
N331R,331,N,R,0.0039548436
N331Q,331,N,Q,0.003935742
N331M,331,N,M,0.003925668
N331L,331,N,L,0.0037963809999999997
N331K,331,N,K,0.0037020464
N331P,331,N,P,0.00422596
N331H,331,N,H,0.004812646
N331G,331,N,G,0.0040283208000000004
N331F,331,N,F,0.00426744
N331E,331,N,E,0.0044473740000000005
N331D,331,N,D,0.004661402
N331A,331,N,A,0.004685108
N331I,331,N,I,0.0031696998
I332T,332,I,T,0.006097404
I332D,332,I,D,0.007579742
I332E,332,I,E,0.006912832
I332Y,332,I,Y,0.007728934000000001
I332W,332,I,W,0.005614755999999999
I332V,332,I,V,0.006781622
I332S,332,I,S,0.006719902
I332K,332,I,K,0.006859926
I332Q,332,I,Q,0.00688328
I332P,332,I,P,0.004105914
I332N,332,I,N,0.00706202
I332M,332,I,M,0.0065628940000000005
I332L,332,I,L,0.006707762000000001
I332C,332,I,C,0.007191104
I332H,332,I,H,0.00593736
I332R,332,I,R,0.006282528000000001
I332A,332,I,A,0.00773366
I332F,332,I,F,0.006189588
I332G,332,I,G,0.0074784655999999994
T333W,333,T,W,0.0037501400000000003
T333A,333,T,A,0.0035299722
T333C,333,T,C,0.004491048
T333D,333,T,D,0.004216918
T333E,333,T,E,0.004666096
T333F,333,T,F,0.0032561374
T333G,333,T,G,0.0036184526
T333H,333,T,H,0.00423281442
T333K,333,T,K,0.004270196
T333L,333,T,L,0.0036239044
T333M,333,T,M,0.00395787
T333N,333,T,N,0.0038100480000000003
T333Q,333,T,Q,0.004074128
T333R,333,T,R,0.0034926619999999997
T333S,333,T,S,0.00599941994
T333V,333,T,V,0.0033218799999999997
T333Y,333,T,Y,0.0038735920000000004
T333P,333,T,P,0.0034899400000000004
N334T,334,N,T,0.0066788559999999995
N334A,334,N,A,0.006348498
N334Y,334,N,Y,0.0058130000000000005
N334V,334,N,V,0.0056895439999999995
N334S,334,N,S,0.006785286000000001
N334R,334,N,R,0.0057923044
N334Q,334,N,Q,0.007156226
N334P,334,N,P,0.004637226
N334M,334,N,M,0.007057774
N334L,334,N,L,0.006479240000000001
N334I,334,N,I,0.007412843999999999
N334H,334,N,H,0.00573593
N334G,334,N,G,0.007013684
N334F,334,N,F,0.007255556
N334E,334,N,E,0.008347534
N334D,334,N,D,0.006656194600000001
N334C,334,N,C,0.005459384
N334K,334,N,K,0.006838067999999999
L335Y,335,L,Y,0.005755692
L335W,335,L,W,0.005810188240000001
L335P,335,L,P,0.00676398
L335T,335,L,T,0.00652177
L335A,335,L,A,0.006410304
L335D,335,L,D,0.007043412
L335E,335,L,E,0.008006254
L335F,335,L,F,0.005684903999999999
L335G,335,L,G,0.014472844
L335H,335,L,H,0.006360506
L335I,335,L,I,0.006246206
L335C,335,L,C,0.006759686
L335M,335,L,M,0.00604707
L335K,335,L,K,0.0066613988
L335S,335,L,S,0.006717526000000001
L335R,335,L,R,0.0059099172
L335V,335,L,V,0.00673292
L335N,335,L,N,0.006500004
L335Q,335,L,Q,0.006514656
C336G,336,C,G,0.051393298
P337Q,337,P,Q,0.0081639882
P337N,337,P,N,0.006896866000000001
P337M,337,P,M,0.00642938
P337K,337,P,K,0.00590259
P337H,337,P,H,0.006176355999999999
P337G,337,P,G,0.007334338
P337E,337,P,E,0.008646722
P337D,337,P,D,0.008395976
P337C,337,P,C,0.01005855
P337A,337,P,A,0.0065396759999999995
P337T,337,P,T,0.0104166
P337L,337,P,L,0.007554968
P337S,337,P,S,0.007613092
P337R,337,P,R,0.006357346000000001
F338L,338,F,L,0.008548128
F338Y,338,F,Y,0.006013248
F338W,338,F,W,0.006946362
F338M,338,F,M,0.006432854
F338I,338,F,I,0.009477268
G339W,339,G,W,0.006269642
G339A,339,G,A,0.007873424
G339Y,339,G,Y,0.005755030239999999
G339V,339,G,V,0.0056387500000000005
G339T,339,G,T,0.0067674599999999994
G339S,339,G,S,0.006495071999999999
G339Q,339,G,Q,0.006000594000000001
G339D,339,G,D,0.00727008
G339P,339,G,P,0.005917128000000001
G339F,339,G,F,0.006048715999999999
G339M,339,G,M,0.006669624
G339N,339,G,N,0.006428372
G339L,339,G,L,0.0068680220000000005
G339K,339,G,K,0.005916526
G339I,339,G,I,0.006098994
G339H,339,G,H,0.0066269400000000004
G339R,339,G,R,0.005929774
G339E,339,G,E,0.006795374
E340A,340,E,A,0.0058381399999999995
E340P,340,E,P,0.0052447045999999995
E340N,340,E,N,0.006378430000000001
E340M,340,E,M,0.005799002
E340L,340,E,L,0.005819524
E340K,340,E,K,0.005005296
E340G,340,E,G,0.007141896
E340Q,340,E,Q,0.00610136
E340D,340,E,D,0.006059236
E340T,340,E,T,0.005471538000000001
E340S,340,E,S,0.00601363
V341L,341,V,L,0.009506236
V341I,341,V,I,0.008889399999999999
F342I,342,F,I,0.00598873
F342M,342,F,M,0.007958166
F342L,342,F,L,0.007433642000000001
A344S,344,A,S,0.005570686
A344E,344,A,E,0.007522002
A344Q,344,A,Q,0.0065744720000000005
A344N,344,A,N,0.006158868
A344K,344,A,K,0.0061137682
A344R,344,A,R,0.0060480659999999995
T345R,345,T,R,0.0118102812
T345A,345,T,A,0.004278288
T345D,345,T,D,0.005715302
T345E,345,T,E,0.006507659999999999
T345P,345,T,P,0.0053721996000000004
T345S,345,T,S,0.005753507999999999
T345K,345,T,K,0.0122505
R346T,346,R,T,0.041637677799999995
R346Y,346,R,Y,0.039560514
R346W,346,R,W,0.039603228000000004
R346V,346,R,V,0.039908334000000004
R346S,346,R,S,0.038372322
R346Q,346,R,Q,0.039971337999999995
R346N,346,R,N,0.042870432
R346L,346,R,L,0.039485440000000004
R346K,346,R,K,0.026206752
R346M,346,R,M,0.0381807464
R346H,346,R,H,0.026086584
R346G,346,R,G,0.0304901484
R346F,346,R,F,0.038957162
R346E,346,R,E,0.062688254
R346D,346,R,D,0.062958194
R346C,346,R,C,0.03964754
R346A,346,R,A,0.036681932
R346I,346,R,I,0.035810513999999995
F347W,347,F,W,0.00981324
A348Q,348,A,Q,0.006962068
A348D,348,A,D,0.012546037999999999
A348H,348,A,H,0.005332366
A348K,348,A,K,0.0057476
A348N,348,A,N,0.008143128
A348S,348,A,S,0.00765527
A348P,348,A,P,0.008084244
A348E,348,A,E,0.006910286
A348Y,348,A,Y,0.005902682
A348G,348,A,G,0.006186138
S349P,349,S,P,0.008201774
S349N,349,S,N,0.011933853999999999
Y351H,351,Y,H,0.009963663829787233
Y351F,351,Y,F,0.0072829240000000005
Y351W,351,Y,W,0.009318251063829787
A352D,352,A,D,0.011403483999999998
A352E,352,A,E,0.007500154
A352H,352,A,H,0.005112388
A352K,352,A,K,0.005860432
A352G,352,A,G,0.006847862
A352N,352,A,N,0.004562552
A352Q,352,A,Q,0.00698139
A352R,352,A,R,0.006405500000000001
A352S,352,A,S,0.0057122399999999995
A352M,352,A,M,0.006542083399999999
A352Y,352,A,Y,0.005466288000000001
W353F,353,W,F,0.008212522
N354G,354,N,G,0.004927772
N354H,354,N,H,0.00643103
N354K,354,N,K,0.0064476080000000005
N354R,354,N,R,0.006588045999999999
N354S,354,N,S,0.005713406
N354T,354,N,T,0.007003664000000001
N354A,354,N,A,0.007280136
N354V,354,N,V,0.008894982000000001
N354D,354,N,D,0.014757356
K356E,356,K,E,0.007514274
K356S,356,K,S,0.012702012
K356H,356,K,H,0.005944722
K356I,356,K,I,0.007150002
K356L,356,K,L,0.005881969999999999
K356M,356,K,M,0.006531206
K356N,356,K,N,0.00587302
K356Q,356,K,Q,0.007349906000000001
K356Y,356,K,Y,0.005342334
K356V,356,K,V,0.009530672
K356T,356,K,T,0.012045888
K356R,356,K,R,0.00747815
K356A,356,K,A,0.006241094
R357D,357,R,D,0.00990341
R357H,357,R,H,0.008017868000000001
R357I,357,R,I,0.006639152000000001
R357K,357,R,K,0.007108377999999999
R357L,357,R,L,0.006555824
R357M,357,R,M,0.005970452
R357N,357,R,N,0.010875342
R357P,357,R,P,0.010555769999999999
R357Q,357,R,Q,0.007254927999999999
R357S,357,R,S,0.00651452
R357T,357,R,T,0.006695266
R357V,357,R,V,0.008541552
R357W,357,R,W,0.005905776000000001
R357Y,357,R,Y,0.0070387900000000005
R357A,357,R,A,0.007151726000000001
R357E,357,R,E,0.010671881999999999
R357C,357,R,C,0.00843693
I358F,358,I,F,0.007516372
I358Y,358,I,Y,0.007303736000000001
I358C,358,I,C,0.007147860000000001
I358L,358,I,L,0.0075083152
I358M,358,I,M,0.007439462
I358V,358,I,V,0.0106546
I358W,358,I,W,0.006753674
S359M,359,S,M,0.0024096
S359N,359,S,N,0.007602348
S359P,359,S,P,0.013549728
S359Q,359,S,Q,0.00605581
S359W,359,S,W,0.007831082
S359T,359,S,T,0.00851678
S359V,359,S,V,0.009239546
S359K,359,S,K,0.005810468
S359Y,359,S,Y,0.005881092
S359R,359,S,R,0.005019136600000001
S359H,359,S,H,0.0070409999999999995
S359I,359,S,I,0.00863834
S359F,359,S,F,0.007113248
S359E,359,S,E,0.006690318
S359D,359,S,D,0.007652566
S359C,359,S,C,0.006482666000000001
S359A,359,S,A,0.006829192
S359G,359,S,G,0.006353416
N360M,360,N,M,0.00801096976744186
N360D,360,N,D,0.00981961
N360E,360,N,E,0.007069682000000001
N360K,360,N,K,0.005977341200000001
N360Q,360,N,Q,0.00690184
N360S,360,N,S,0.0069172800000000005
N360R,360,N,R,0.006963492
C361P,361,C,P,0.047840988
C361N,361,C,N,0.04519324
C361E,361,C,E,0.03713432105263158
V362C,362,V,C,0.0092407472
V362D,362,V,D,0.008005286
V362A,362,V,A,0.007301644
V362F,362,V,F,0.007233776
V362E,362,V,E,0.0069557
V362S,362,V,S,0.021734516
V362W,362,V,W,0.0080623654
V362Y,362,V,Y,0.007953988
V362H,362,V,H,0.007036612
V362I,362,V,I,0.0077272842
V362K,362,V,K,0.006244328
V362R,362,V,R,0.007004044
V362Q,362,V,Q,0.009967469999999999
V362N,362,V,N,0.007547104
V362G,362,V,G,0.010547626000000001
V362M,362,V,M,0.006857567
V362L,362,V,L,0.006879192000000001
V362T,362,V,T,0.014648989999999999
A363G,363,A,G,0.008170046
A363F,363,A,F,0.005815978
A363S,363,A,S,0.006454972
A363W,363,A,W,0.011823976
A363Y,363,A,Y,0.004244614
A363I,363,A,I,0.006818264000000001
A363L,363,A,L,0.0077157120000000004
A363M,363,A,M,0.004748342
A363C,363,A,C,0.007820746
A363P,363,A,P,0.007350064000000001
A363Q,363,A,Q,0.00843478
A363T,363,A,T,0.005706824
A363H,363,A,H,0.010041907999999999
A363V,363,A,V,0.006804198
Y365I,365,Y,I,0.014221144000000002
Y365A,365,Y,A,0.019582586
Y365G,365,Y,G,0.023395808000000004
Y365L,365,Y,L,0.015531454
Y365M,365,Y,M,0.010982446
Y365W,365,Y,W,0.008222664
Y365V,365,Y,V,0.017090936
Y365T,365,Y,T,0.01247132
Y365P,365,Y,P,0.020464916
Y365C,365,Y,C,0.01821213
Y365F,365,Y,F,0.006879708
S366D,366,S,D,0.01601748
S366E,366,S,E,0.012209708
S366W,366,S,W,0.012063756000000002
S366A,366,S,A,0.007855026
S366V,366,S,V,0.01758091
S366T,366,S,T,0.006985679999999999
S366Q,366,S,Q,0.006629009999999999
S366P,366,S,P,0.009016532
S366N,366,S,N,0.012960704
S366R,366,S,R,0.005259952
S366L,366,S,L,0.01407804
S366K,366,S,K,0.006712357999999999
S366I,366,S,I,0.017236956
S366H,366,S,H,0.006249093617021277
S366G,366,S,G,0.00656902
S366F,366,S,F,0.009592896
S366M,366,S,M,0.010302408
V367P,367,V,P,0.006657172
V367F,367,V,F,0.010802734000000001
V367E,367,V,E,0.011002638
V367S,367,V,S,0.00938459
V367R,367,V,R,0.011182938
V367Q,367,V,Q,0.00986749
V367N,367,V,N,0.009373422
V367C,367,V,C,0.006680144
V367L,367,V,L,0.007525815999999999
V367K,367,V,K,0.010511489999999998
V367I,367,V,I,0.007101611999999999
V367H,367,V,H,0.007897964
V367G,367,V,G,0.008507757999999999
V367A,367,V,A,0.012092157999999999
V367Y,367,V,Y,0.007043240000000001
V367M,367,V,M,0.008296614
V367D,367,V,D,0.008953521999999998
V367W,367,V,W,0.0112237018
V367T,367,V,T,0.008411246
L368M,368,L,M,0.006546434
L368I,368,L,I,0.00567573
L368F,368,L,F,0.007560164
L368V,368,L,V,0.00670843
Y369K,369,Y,K,0.01292173
Y369F,369,Y,F,0.00977154
Y369G,369,Y,G,0.013322368
Y369P,369,Y,P,0.023462912
Y369R,369,Y,R,0.010740524
Y369S,369,Y,S,0.012214796000000002
Y369T,369,Y,T,0.009650638
Y369V,369,Y,V,0.010607458
Y369W,369,Y,W,0.008203416
Y369A,369,Y,A,0.011412604
Y369H,369,Y,H,0.0074359560000000005
Y369Q,369,Y,Q,0.012924891999999999
Y369C,369,Y,C,0.010317912
Y369N,369,Y,N,0.033452082
Y369E,369,Y,E,0.019159492
Y369I,369,Y,I,0.009230758
Y369M,369,Y,M,0.010157890000000001
Y369L,369,Y,L,0.009270926
Y369D,369,Y,D,0.036072058
N370D,370,N,D,0.008450716
N370A,370,N,A,0.006127236
N370G,370,N,G,0.007936448
N370H,370,N,H,0.006543882
N370K,370,N,K,0.006975628
N370M,370,N,M,0.00522427
N370L,370,N,L,0.006619814000000001
N370Q,370,N,Q,0.011690625999999999
N370Y,370,N,Y,0.005572628
N370T,370,N,T,0.0064823960000000005
N370R,370,N,R,0.0062643
N370S,370,N,S,0.007109078
N370P,370,N,P,0.025322292000000003
N370E,370,N,E,0.006885614
S371L,371,S,L,0.005947092
S371E,371,S,E,0.005189587999999999
S371F,371,S,F,0.005667094828
S371G,371,S,G,0.006044366
S371H,371,S,H,0.0058856180000000004
S371I,371,S,I,0.004829266
S371W,371,S,W,0.005848048
S371N,371,S,N,0.01854005
S371P,371,S,P,0.011937986000000001
S371Q,371,S,Q,0.005759488
S371R,371,S,R,0.006650784
S371T,371,S,T,0.005957194
S371V,371,S,V,0.00497777
S371Y,371,S,Y,0.005684817
S371D,371,S,D,0.006601898
S371M,371,S,M,0.00607861
S371C,371,S,C,0.005581236
S371K,371,S,K,0.005715754
S371A,371,S,A,0.005600676
A372T,372,A,T,0.018214255999999998
A372D,372,A,D,0.006711348000000001
A372E,372,A,E,0.00748853
A372F,372,A,F,0.005055960000000001
A372G,372,A,G,0.0075331519999999996
A372H,372,A,H,0.005558794000000001
A372I,372,A,I,0.005174224
A372Y,372,A,Y,0.00418167944
A372W,372,A,W,0.0059172619999999995
A372K,372,A,K,0.007839044
A372M,372,A,M,0.005630161999999999
A372L,372,A,L,0.004943658
A372V,372,A,V,0.0053639740000000005
A372S,372,A,S,0.018200542
A372R,372,A,R,0.0068743699999999994
A372Q,372,A,Q,0.007073294
A372P,372,A,P,0.006852932000000001
A372N,372,A,N,0.004275196
S373W,373,S,W,0.005974954
S373E,373,S,E,0.007630374
S373R,373,S,R,0.008403664
S373K,373,S,K,0.007500888
S373G,373,S,G,0.0069599236
S373Q,373,S,Q,0.008300946
S373P,373,S,P,0.007403162
S373H,373,S,H,0.006502718000000001
S373N,373,S,N,0.008242448
S373Y,373,S,Y,0.00596061
S373M,373,S,M,0.007222460000000001
S373I,373,S,I,0.005700142
S373L,373,S,L,0.007934664000000001
S373F,373,S,F,0.005841713320000001
S373V,373,S,V,0.005391236000000001
S373D,373,S,D,0.007231978
S373A,373,S,A,0.006467732
S373C,373,S,C,0.0059858398
S373T,373,S,T,0.0064644540000000006
F374A,374,F,A,0.010839804
F374D,374,F,D,0.022411314
F374H,374,F,H,0.007613082
F374I,374,F,I,0.007449814
F374L,374,F,L,0.006948932
F374M,374,F,M,0.007286352
F374N,374,F,N,0.034709948000000004
F374Q,374,F,Q,0.012752378
F374T,374,F,T,0.009985962
F374V,374,F,V,0.007921824000000001
F374W,374,F,W,0.006229226
F374Y,374,F,Y,0.006035518
S375A,375,S,A,0.007854712
S375D,375,S,D,0.005910204
S375E,375,S,E,0.007197602
S375G,375,S,G,0.005601867999999999
S375H,375,S,H,0.006366566000000001
S375K,375,S,K,0.006675134
S375N,375,S,N,0.00503786
S375T,375,S,T,0.006635282
S375Q,375,S,Q,0.006124286
T376V,376,T,V,0.005909624
T376F,376,T,F,0.0189880882
T376H,376,T,H,0.008321972
T376I,376,T,I,0.008357853240000001
T376K,376,T,K,0.008765804
T376L,376,T,L,0.00663961106
T376M,376,T,M,0.0067632939999999996
T376N,376,T,N,0.013667814
T376S,376,T,S,0.005685874
T376W,376,T,W,0.011558044444444445
T376Y,376,T,Y,0.011150436
T376D,376,T,D,0.0258382
T376C,376,T,C,0.006755566000000001
F377M,377,F,M,0.009105374
F377I,377,F,I,0.009689196
F377L,377,F,L,0.0083643588
F377V,377,F,V,0.0091443
F377W,377,F,W,0.009938228
K378I,378,K,I,0.01839642
K378L,378,K,L,0.029031682
K378H,378,K,H,0.015651442
K378E,378,K,E,0.042996924
K378D,378,K,D,0.029866572
K378Q,378,K,Q,0.020887509999999998
K378R,378,K,R,0.010265742
K378T,378,K,T,0.017692676
K378M,378,K,M,0.010570804
K378V,378,K,V,0.025654661999999998
K378C,378,K,C,0.011793728205128206
K378A,378,K,A,0.014371116
K378S,378,K,S,0.018819934
K378N,378,K,N,0.032129402
Y380W,380,Y,W,0.00866198
Y380F,380,Y,F,0.007073576000000001
G381N,381,G,N,0.011526784000000002
G381K,381,G,K,0.0060469298
G381Q,381,G,Q,0.005993992
G381R,381,G,R,0.007359396000000001
G381S,381,G,S,0.005737750000000001
G381H,381,G,H,0.005544198
V382Y,382,V,Y,0.009818632
V382T,382,V,T,0.009492538
V382M,382,V,M,0.015828411764705883
V382L,382,V,L,0.007535344
V382I,382,V,I,0.006359032
V382F,382,V,F,0.00969862
V382C,382,V,C,0.009341704
S383E,383,S,E,0.03534329
S383Y,383,S,Y,0.01235296
S383H,383,S,H,0.012670388
S383V,383,S,V,0.01158651
S383T,383,S,T,0.013550435999999999
S383R,383,S,R,0.006237048
S383P,383,S,P,0.007951106
S383N,383,S,N,0.01643297566
S383Q,383,S,Q,0.012671332
S383L,383,S,L,0.015569556
S383K,383,S,K,0.013354956
S383I,383,S,I,0.015036157999999999
S383A,383,S,A,0.008450843750000001
S383C,383,S,C,0.01296569
S383D,383,S,D,0.028260870000000004
S383M,383,S,M,0.006667856
P384L,384,P,L,0.013136646
P384G,384,P,G,0.013447055999999999
P384H,384,P,H,0.017522442
P384I,384,P,I,0.0092436
P384K,384,P,K,0.027507519999999997
P384M,384,P,M,0.012594071200000001
P384Q,384,P,Q,0.015972684
P384R,384,P,R,0.020792512
P384S,384,P,S,0.011141502000000001
P384T,384,P,T,0.00949963
P384V,384,P,V,0.009750668
P384W,384,P,W,0.011949566
P384Y,384,P,Y,0.02203847
P384N,384,P,N,0.01831648
P384E,384,P,E,0.021260384
P384F,384,P,F,0.009576136
P384A,384,P,A,0.010540736
T385N,385,T,N,0.011373448
T385I,385,T,I,0.006203254
T385K,385,T,K,0.00946115
T385L,385,T,L,0.0065325146
T385M,385,T,M,0.009393418
T385A,385,T,A,0.010613302
T385P,385,T,P,0.00643701
T385Q,385,T,Q,0.018237820000000002
T385R,385,T,R,0.00711692
T385S,385,T,S,0.009694288
T385V,385,T,V,0.005351166000000001
T385W,385,T,W,0.007283606000000001
T385Y,385,T,Y,0.009751902
T385G,385,T,G,0.009252248
T385F,385,T,F,0.008220769999999999
T385E,385,T,E,0.021430788
T385D,385,T,D,0.02131606
T385C,385,T,C,0.008926894
T385H,385,T,H,0.0127949418
K386R,386,K,R,0.0051204096
K386S,386,K,S,0.017625688
K386T,386,K,T,0.012536748
K386N,386,K,N,0.012289182000000001
K386Q,386,K,Q,0.012418588
K386Y,386,K,Y,0.006209122
K386L,386,K,L,0.0069265460000000004
K386I,386,K,I,0.0068301
K386H,386,K,H,0.009420338
K386G,386,K,G,0.014096638
K386E,386,K,E,0.017204146
K386D,386,K,D,0.021111674000000004
K386C,386,K,C,0.013510986000000001
K386A,386,K,A,0.015173538
K386M,386,K,M,0.008858064
K386V,386,K,V,0.010000756
L387M,387,L,M,0.006602332
L387I,387,L,I,0.007611985999999999
N388S,388,N,S,0.006071348
N388R,388,N,R,0.005503842
N388Q,388,N,Q,0.006343782
N388P,388,N,P,0.00702528
N388M,388,N,M,0.005409850000000001
N388L,388,N,L,0.006732308
N388K,388,N,K,0.005824098
N388H,388,N,H,0.005779772
N388G,388,N,G,0.006922532
N388E,388,N,E,0.0107740356
N388D,388,N,D,0.0073088960000000005
N388A,388,N,A,0.005680484
N388T,388,N,T,0.0055960160000000005
N388V,388,N,V,0.005526143999999999
D389Q,389,D,Q,0.006066414
D389W,389,D,W,0.004707332
D389T,389,D,T,0.005609458
D389S,389,D,S,0.005281172
D389R,389,D,R,0.004765602
D389N,389,D,N,0.0081559378
D389M,389,D,M,0.004979186
D389L,389,D,L,0.005057903999999999
D389K,389,D,K,0.004801932
D389H,389,D,H,0.006450401999999999
D389G,389,D,G,0.005801408
D389F,389,D,F,0.004290214
D389Y,389,D,Y,0.005104512
D389E,389,D,E,0.006749178
D389A,389,D,A,0.0060246480000000005
D389C,389,D,C,0.006443748
L390R,390,L,R,0.0068536
L390Q,390,L,Q,0.00668675
L390N,390,L,N,0.00748967
L390M,390,L,M,0.0074088339999999996
L390A,390,L,A,0.008826072
L390C,390,L,C,0.0062618859999999995
L390D,390,L,D,0.009649652
L390S,390,L,S,0.014415108000000001
L390E,390,L,E,0.0077589320000000005
L390F,390,L,F,0.006919904
L390G,390,L,G,0.008604162
L390H,390,L,H,0.008648854000000001
L390V,390,L,V,0.006932616
L390T,390,L,T,0.02274976
L390Y,390,L,Y,0.010418974000000001
L390I,390,L,I,0.005971341999999999
L390W,390,L,W,0.00540546034
L390K,390,L,K,0.006430252
C391Y,391,C,Y,0.006388080000000001
C391W,391,C,W,0.006413767999999999
C391V,391,C,V,0.007175848
C391T,391,C,T,0.007541867999999999
C391S,391,C,S,0.006790948
C391R,391,C,R,0.006800626
C391Q,391,C,Q,0.007886222
C391G,391,C,G,0.006283276
C391N,391,C,N,0.017967556
C391M,391,C,M,0.0069495419999999995
C391L,391,C,L,0.007048601999999999
C391K,391,C,K,0.007295627999999999
C391P,391,C,P,0.0062483999999999994
C391E,391,C,E,0.007374068
C391F,391,C,F,0.006907052
C391I,391,C,I,0.007151233999999999
C391H,391,C,H,0.009580709
C391D,391,C,D,0.008301526
C391A,391,C,A,0.0074355179999999995
F392A,392,F,A,0.011774776
F392C,392,F,C,0.009737116
F392H,392,F,H,0.007784784
F392I,392,F,I,0.011403502000000001
F392M,392,F,M,0.006779136
F392N,392,F,N,0.009367792
F392P,392,F,P,0.010476498
F392Y,392,F,Y,0.008582837999999999
F392W,392,F,W,0.006833544
F392V,392,F,V,0.0086249256
F392L,392,F,L,0.0077791100000000005
F392S,392,F,S,0.007038501999999999
F392T,392,F,T,0.009359424
T393H,393,T,H,0.005848678
T393Y,393,T,Y,0.008374866
T393V,393,T,V,0.007807092
T393S,393,T,S,0.006557230000000001
T393Q,393,T,Q,0.007035198
T393N,393,T,N,0.006833004
T393M,393,T,M,0.0065842520000000005
T393R,393,T,R,0.006575398
T393K,393,T,K,0.008826272
T393I,393,T,I,0.014714434
T393A,393,T,A,0.00775292
T393G,393,T,G,0.007304974
T393C,393,T,C,0.009048656
T393D,393,T,D,0.010562984
T393E,393,T,E,0.008052754
T393L,393,T,L,0.010406648000000001
N394P,394,N,P,0.013803528
N394Q,394,N,Q,0.006120346
N394R,394,N,R,0.005822492
N394W,394,N,W,0.006895212600000001
N394T,394,N,T,0.0059072486000000006
N394V,394,N,V,0.008308142
N394Y,394,N,Y,0.0059089519999999994
N394S,394,N,S,0.0065643964
N394M,394,N,M,0.006090436
N394I,394,N,I,0.00768291
N394K,394,N,K,0.006352678
N394H,394,N,H,0.006582926
N394G,394,N,G,0.006243098
N394F,394,N,F,0.005237434
N394E,394,N,E,0.006219095599999999
N394D,394,N,D,0.006556862
N394C,394,N,C,0.008586042
N394A,394,N,A,0.00889213
N394L,394,N,L,0.009166524
V395L,395,V,L,0.00566941538
V395M,395,V,M,0.007216134
V395A,395,V,A,0.012482964
V395G,395,V,G,0.010792614
V395I,395,V,I,0.0073284760000000004
Y396W,396,Y,W,0.008087938
Y396V,396,Y,V,0.0075424360000000005
Y396F,396,Y,F,0.006169750000000001
Y396S,396,Y,S,0.0275903
Y396N,396,Y,N,0.006886466
Y396M,396,Y,M,0.007147768
Y396L,396,Y,L,0.006748706
Y396T,396,Y,T,0.019811462
Y396C,396,Y,C,0.010005930000000001
Y396H,396,Y,H,0.0065474619999999996
Y396I,396,Y,I,0.010330184
A397V,397,A,V,0.009569302
A397L,397,A,L,0.006886804
A397I,397,A,I,0.008478222
A397C,397,A,C,0.008689956
S399T,399,S,T,0.00815256934
V401I,401,V,I,0.009828258
I402V,402,I,V,0.006236663999999999
I402L,402,I,L,0.00691076
I402C,402,I,C,0.008806001800000001
R403K,403,R,K,0.006914627600000001
R403T,403,R,T,0.008338036
R403S,403,R,S,0.009063103999999999
R403M,403,R,M,0.0070036674
R403A,403,R,A,0.008777169999999999
G404K,404,G,K,0.007120396
G404A,404,G,A,0.00680855
D405S,405,D,S,0.006828135399999999
D405N,405,D,N,0.012517164
D405A,405,D,A,0.005104296
D405E,405,D,E,0.010793024
D405F,405,D,F,0.0046977
D405K,405,D,K,0.021709376
D405L,405,D,L,0.00312983
D405R,405,D,R,0.024083998000000002
E406D,406,E,D,0.013638846
E406W,406,E,W,0.09366362199999999
E406Q,406,E,Q,0.012694912000000001
V407I,407,V,I,0.008909076
V407L,407,V,L,0.006902158
R408V,408,R,V,0.010032552000000002
R408A,408,R,A,0.00930249
R408W,408,R,W,0.014319558000000001
R408T,408,R,T,0.00903904
R408S,408,R,S,0.008644628
R408L,408,R,L,0.007800182
R408K,408,R,K,0.006718928
R408H,408,R,H,0.008880436
R408P,408,R,P,0.009947024
R408F,408,R,F,0.007044144
R408G,408,R,G,0.011116028
R408C,408,R,C,0.009090356
R408E,408,R,E,0.019255786
Q409E,409,Q,E,0.013971455319148935
I410V,410,I,V,0.005858762
A411S,411,A,S,0.004542
A411R,411,A,R,0.0052598639999999995
A411Q,411,A,Q,0.0065881
A411G,411,A,G,0.005318776000000001
A411E,411,A,E,0.006527034
G413R,413,G,R,0.009106452000000001
G413M,413,G,M,0.008848504
G413N,413,G,N,0.012982477999999999
G413L,413,G,L,0.008397936
G413Q,413,G,Q,0.007664236
G413K,413,G,K,0.01129724
G413H,413,G,H,0.009007118
G413F,413,G,F,0.006746482000000001
G413S,413,G,S,0.006171662
G413A,413,G,A,0.0060188640000000005
G413Y,413,G,Y,0.008278298
G413C,413,G,C,0.0054983254
Q414C,414,Q,C,0.0055742681999999995
Q414E,414,Q,E,0.007468036
Q414G,414,Q,G,0.007368094
Q414I,414,Q,I,0.0054985506
Q414K,414,Q,K,0.00691824
Q414R,414,Q,R,0.005080464
Q414S,414,Q,S,0.006380764
Q414T,414,Q,T,0.006431988
Q414V,414,Q,V,0.00686756
Q414A,414,Q,A,0.0076752140000000005
Q414M,414,Q,M,0.006471569999999999
T415I,415,T,I,0.005268786
T415H,415,T,H,0.007799324
T415Y,415,T,Y,0.00500161
T415S,415,T,S,0.006933053999999999
T415R,415,T,R,0.0064238576
T415Q,415,T,Q,0.005844208
T415N,415,T,N,0.007088445999999999
T415V,415,T,V,0.006958166
T415K,415,T,K,0.0050093422
T415A,415,T,A,0.0063782759999999996
T415D,415,T,D,0.012605950000000001
T415E,415,T,E,0.006720012
T415G,415,T,G,0.019728426
T415M,415,T,M,0.0055218279999999995
K417S,417,K,S,0.052064292
K417R,417,K,R,0.032680310000000004
K417Q,417,K,Q,0.05122954799999999
K417P,417,K,P,0.0569164458
K417N,417,K,N,0.054820094
K417A,417,K,A,0.053763556000000004
K417C,417,K,C,0.05287164
K417D,417,K,D,0.078236926
K417E,417,K,E,0.079883792
K417F,417,K,F,0.076583078
K417G,417,K,G,0.058174272
K417H,417,K,H,0.06293365000000001
K417M,417,K,M,0.054262092
K417T,417,K,T,0.057826076
K417W,417,K,W,0.061221619799999995
K417Y,417,K,Y,0.070713274
K417I,417,K,I,0.054528638000000004
K417V,417,K,V,0.052842082
K417L,417,K,L,0.05676550600000001
I418V,418,I,V,0.006004064
A419P,419,A,P,0.0074620774
A419S,419,A,S,0.0053625800000000005
D420S,420,D,S,0.023307137999999998
D420R,420,D,R,0.054753832
D420Q,420,D,Q,0.052177854
D420N,420,D,N,0.047645638000000004
D420M,420,D,M,0.046213076
D420K,420,D,K,0.048847708000000004
D420E,420,D,E,0.0471791
D420A,420,D,A,0.046806839999999995
Y421F,421,Y,F,0.008327995999999999
Y421L,421,Y,L,0.025115311999999997
Y421M,421,Y,M,0.006783724
Y421W,421,Y,W,0.045680866
K424R,424,K,R,0.006149086000000001
K424H,424,K,H,0.004953852
L425V,425,L,V,0.0055483519999999995
L425M,425,L,M,0.005218568
L425I,425,L,I,0.005831894
D427N,427,D,N,0.0062239622000000005
D427V,427,D,V,0.006468268
D427T,427,D,T,0.006015102
D427P,427,D,P,0.007063893999999999
D427Y,427,D,Y,0.005398636
D427A,427,D,A,0.00655419
D427S,427,D,S,0.0064348059999999995
D427R,427,D,R,0.0063153919999999995
D427W,427,D,W,0.006596016
D427E,427,D,E,0.00719456
D427Q,427,D,Q,0.008386356000000001
D427M,427,D,M,0.006421692
D427L,427,D,L,0.007398454
D427I,427,D,I,0.00618457
D427F,427,D,F,0.005163714000000001
D427H,427,D,H,0.006771658000000001
D427G,427,D,G,0.006055742
D427K,427,D,K,0.0070953
D428G,428,D,G,0.0053746488
D428A,428,D,A,0.005355263999999999
D428E,428,D,E,0.005693994
D428H,428,D,H,0.00579328
D428K,428,D,K,0.007917684000000001
D428P,428,D,P,0.006124174
D428Q,428,D,Q,0.0057969119999999996
D428R,428,D,R,0.00559428
D428S,428,D,S,0.005863024
D428T,428,D,T,0.006297236
D428N,428,D,N,0.013498468000000001
F429W,429,F,W,0.006189551999999999
T430R,430,T,R,0.0085136164
T430S,430,T,S,0.005636342
T430V,430,T,V,0.0069964020000000005
T430Q,430,T,Q,0.00748112
T430C,430,T,C,0.006584556
T430M,430,T,M,0.005941982
T430F,430,T,F,0.006693956
T430K,430,T,K,0.00646749
T430I,430,T,I,0.00601483
T430H,430,T,H,0.006394767
T430A,430,T,A,0.006135676
T430N,430,T,N,0.0073735779999999996
T430L,430,T,L,0.005899491999999999
T430Y,430,T,Y,0.00899729
T430W,430,T,W,0.005269854000000001
V433I,433,V,I,0.00600776
I434Y,434,I,Y,0.012453395999999999
I434W,434,I,W,0.0066999902
I434V,434,I,V,0.00587384
I434M,434,I,M,0.005014329600000001
I434L,434,I,L,0.0056644519999999995
I434F,434,I,F,0.010054196
A435T,435,A,T,0.005594327999999999
A435S,435,A,S,0.006072908
N437P,437,N,P,0.023879924
S438A,438,S,A,0.005673124000000001
S438T,438,S,T,0.0062956259999999995
N439S,439,N,S,0.033588474
N439Q,439,N,Q,0.009720514
N439M,439,N,M,0.008895864
N439L,439,N,L,0.011338588
N439K,439,N,K,0.011973792499999998
N439H,439,N,H,0.009517552
N439D,439,N,D,0.007702532
N439T,439,N,T,0.04017783
N439Y,439,N,Y,0.022358592
N439V,439,N,V,0.013513318000000002
N440G,440,N,G,0.007300428
N440L,440,N,L,0.040651676
N440K,440,N,K,0.033453152
N440I,440,N,I,0.032651111999999996
N440H,440,N,H,0.007565868
N440F,440,N,F,0.029424728
N440E,440,N,E,0.02315963
N440D,440,N,D,0.017697278
N440C,440,N,C,0.009507966
N440Q,440,N,Q,0.01042234
N440R,440,N,R,0.01260475
N440S,440,N,S,0.007326015999999999
N440P,440,N,P,0.0076344279999999995
N440T,440,N,T,0.018613086
N440Y,440,N,Y,0.018094294
N440A,440,N,A,0.007561398
N440V,440,N,V,0.020504464000000003
N440M,440,N,M,0.017180453999999998
L441W,441,L,W,0.0060616444444444445
L441V,441,L,V,0.007026582
L441S,441,L,S,0.035343264
L441R,441,L,R,0.0056230740000000005
L441Q,441,L,Q,0.0068653920000000005
L441I,441,L,I,0.00663288
L441H,441,L,H,0.00819718806
L441F,441,L,F,0.005772762
L441A,441,L,A,0.008538968000000001
S443T,443,S,T,0.014048306
S443C,443,S,C,0.022859380000000002
S443G,443,S,G,0.028632866
S443N,443,S,N,0.048840942
S443Q,443,S,Q,0.046832106
S443V,443,S,V,0.029357311999999997
S443Y,443,S,Y,0.081453392
S443A,443,S,A,0.007710324000000001
K444E,444,K,E,0.079170476
K444F,444,K,F,0.075365818
K444A,444,K,A,0.074682594
K444G,444,K,G,0.136179404
K444L,444,K,L,0.081664854
K444I,444,K,I,0.081350114
K444M,444,K,M,0.072915902
K444N,444,K,N,0.059427108000000006
K444P,444,K,P,0.08611415000000001
K444Q,444,K,Q,0.069131396
K444R,444,K,R,0.0286281688
K444S,444,K,S,0.053450524
K444T,444,K,T,0.05350163
K444H,444,K,H,0.048552486000000006
K444W,444,K,W,0.078916978
K444V,444,K,V,0.07426847199999999
K444C,444,K,C,0.053544422
K444Y,444,K,Y,0.07928272
K444D,444,K,D,0.078677804
V445H,445,V,H,0.028462467999999998
V445G,445,V,G,0.09678710600000001
V445F,445,V,F,0.031351584
V445E,445,V,E,0.0356182964
V445D,445,V,D,0.05785408
V445C,445,V,C,0.037737214000000005
V445I,445,V,I,0.010224724000000001
V445K,445,V,K,0.044609804
V445L,445,V,L,0.027926060000000003
V445A,445,V,A,0.033862714
V445N,445,V,N,0.045229582
V445Y,445,V,Y,0.03649569
V445W,445,V,W,0.040130998
V445T,445,V,T,0.032279014
V445S,445,V,S,0.044737967999999996
V445R,445,V,R,0.042046327999999994
V445Q,445,V,Q,0.036200508
V445P,445,V,P,0.060289664
V445M,445,V,M,0.0216608986
G446S,446,G,S,0.039012530000000004
G446N,446,G,N,0.042005662
G446M,446,G,M,0.039679166
G446L,446,G,L,0.059809876000000005
G446K,446,G,K,0.06672581
G446I,446,G,I,0.06617939
G446F,446,G,F,0.051333128000000006
G446E,446,G,E,0.053923120000000005
G446D,446,G,D,0.050920954
G446C,446,G,C,0.046684354
G446A,446,G,A,0.042071468
G446Y,446,G,Y,0.05193753
G446W,446,G,W,0.041057314
G446V,446,G,V,0.08182977599999999
G446P,446,G,P,0.07917064680000001
G446Q,446,G,Q,0.042071796
G446R,446,G,R,0.063523002
G446H,446,G,H,0.04841424
G446T,446,G,T,0.052607935999999994
G447C,447,G,C,0.048361398
G447P,447,G,P,0.11447469
G447M,447,G,M,0.0631664186
G447N,447,G,N,0.09852477600000001
G447I,447,G,I,0.060879013999999995
G447Q,447,G,Q,0.091919872
G447R,447,G,R,0.042180488
G447S,447,G,S,0.057810218
G447T,447,G,T,0.0660013
G447V,447,G,V,0.06815365599999999
G447Y,447,G,Y,0.06389591
G447H,447,G,H,0.08248255199999999
G447F,447,G,F,0.076730804
G447E,447,G,E,0.11254021399999999
G447D,447,G,D,0.115256468
G447A,447,G,A,0.042717505999999995
G447L,447,G,L,0.09648379200000001
G447K,447,G,K,0.080080568
N448G,448,N,G,0.078159358
N448T,448,N,T,0.042870412
N448H,448,N,H,0.05242922
N448K,448,N,K,0.121014508
N448P,448,N,P,0.12227068199999999
N448Q,448,N,Q,0.049099963999999996
N448R,448,N,R,0.105062424
N448S,448,N,S,0.024561334
N448Y,448,N,Y,0.06464582
N448V,448,N,V,0.06933333
N448E,448,N,E,0.05171378000000001
N448C,448,N,C,0.038303204
N448A,448,N,A,0.033739536
N448D,448,N,D,0.075575512
Y449N,449,Y,N,0.041396998
Y449E,449,Y,E,0.059593966
Y449F,449,Y,F,0.0163628294
Y449G,449,Y,G,0.033262754
Y449H,449,Y,H,0.036471444
Y449I,449,Y,I,0.056505566
Y449K,449,Y,K,0.10463763200000001
Y449L,449,Y,L,0.05805841
Y449W,449,Y,W,0.009795424
Y449V,449,Y,V,0.058368772
Y449T,449,Y,T,0.06626039
Y449S,449,Y,S,0.055223148
Y449R,449,Y,R,0.08908052400000001
Y449Q,449,Y,Q,0.052504404000000005
Y449P,449,Y,P,0.072800598
Y449C,449,Y,C,0.046853878
Y449A,449,Y,A,0.056140834
Y449D,449,Y,D,0.070652034
Y449M,449,Y,M,0.025424388
N450L,450,N,L,0.010399921999999999
N450A,450,N,A,0.00924068
N450C,450,N,C,0.013537924000000002
N450D,450,N,D,0.043661808
N450E,450,N,E,0.020231303399999997
N450F,450,N,F,0.01109462
N450G,450,N,G,0.011434409999999999
N450H,450,N,H,0.010424114
N450I,450,N,I,0.011162453999999999
N450K,450,N,K,0.015461874199999998
N450M,450,N,M,0.0086809582
N450R,450,N,R,0.013770666
N450P,450,N,P,0.142422138
N450Q,450,N,Q,0.011387922
N450S,450,N,S,0.025440255999999998
N450T,450,N,T,0.19174645999999998
N450V,450,N,V,0.011835370000000001
N450W,450,N,W,0.011681762
N450Y,450,N,Y,0.013169294
Y451H,451,Y,H,0.00869568
Y451Q,451,Y,Q,0.006273956000000001
Y451F,451,Y,F,0.0072983399999999995
Y451M,451,Y,M,0.00613325
Y451L,451,Y,L,0.00993701
Y451I,451,Y,I,0.00715802
L452K,452,L,K,0.086427642
L452E,452,L,E,0.06992864
L452T,452,L,T,0.059759984
L452D,452,L,D,0.064265298
L452I,452,L,I,0.007288492
L452Y,452,L,Y,0.064786198
L452W,452,L,W,0.066010412
L452A,452,L,A,0.024732904000000003
L452C,452,L,C,0.021065866
L452H,452,L,H,0.029306892
L452M,452,L,M,0.013740922
L452N,452,L,N,0.022584654
L452G,452,L,G,0.023773363999999998
L452Q,452,L,Q,0.023904938
L452R,452,L,R,0.090802444
L452V,452,L,V,0.012238164000000001
L452S,452,L,S,0.049982518000000004
L452F,452,L,F,0.044265662
Y453F,453,Y,F,0.022552362000000003
Y453M,453,Y,M,0.020824946
Y453A,453,Y,A,0.031303516
Y453V,453,Y,V,0.041975161999999996
Y453K,453,Y,K,0.034889554
Y453S,453,Y,S,0.023815726000000002
Y453H,453,Y,H,0.025339042
Y453R,453,Y,R,0.056003867
L455A,455,L,A,0.090924814
L455R,455,L,R,0.138345422
L455W,455,L,W,0.07602857
L455T,455,L,T,0.042267176
L455V,455,L,V,0.01182359
L455Y,455,L,Y,0.045932579999999994
L455F,455,L,F,0.048746926
L455C,455,L,C,0.043500924
L455S,455,L,S,0.082742346
L455E,455,L,E,0.11064102999999999
L455M,455,L,M,0.0190053842
L455P,455,L,P,0.090933196
L455I,455,L,I,0.008772016
L455G,455,L,G,0.11681565199999999
L455H,455,L,H,0.084815792
L455N,455,L,N,0.12210232444444444
F456R,456,F,R,0.160201934
F456Y,456,F,Y,0.054753594
F456A,456,F,A,0.306063872
F456C,456,F,C,0.196191256
F456T,456,F,T,0.251934072
F456H,456,F,H,0.070942268
F456G,456,F,G,0.26636503
F456W,456,F,W,0.017738904
F456L,456,F,L,0.033365998
F456M,456,F,M,0.09090788387096774
F456Q,456,F,Q,0.23628069799999998
F456V,456,F,V,0.184308436
F456I,456,F,I,0.183247148
F456K,456,F,K,0.20521867
K458E,458,K,E,0.006400449999999999
K458D,458,K,D,0.006620036
K458A,458,K,A,0.00503041
K458I,458,K,I,0.007961903999999999
K458G,458,K,G,0.005967281999999999
K458H,458,K,H,0.007230494
K458L,458,K,L,0.005326394
K458M,458,K,M,0.004848884
K458N,458,K,N,0.006261002
K458P,458,K,P,0.008737462
K458Q,458,K,Q,0.005598122
K458R,458,K,R,0.005834856
K458S,458,K,S,0.00612842
K458T,458,K,T,0.006209466
K458V,458,K,V,0.006079496
K458W,458,K,W,0.004976756
K458Y,458,K,Y,0.0049411179999999996
K458F,458,K,F,0.0050583699999999995
S459V,459,S,V,0.006707322
S459Q,459,S,Q,0.011578364
S459C,459,S,C,0.006632816000000001
S459Y,459,S,Y,0.00523974
S459D,459,S,D,0.007079495999999999
S459E,459,S,E,0.008760392
S459A,459,S,A,0.0063316731999999995
S459G,459,S,G,0.006629726
S459H,459,S,H,0.007066628
S459I,459,S,I,0.00468846
S459F,459,S,F,0.0053525460000000006
S459L,459,S,L,0.005591446
S459M,459,S,M,0.0051449980000000005
S459N,459,S,N,0.0069189224
S459P,459,S,P,0.024419166
S459R,459,S,R,0.006273408
S459T,459,S,T,0.0070839423999999995
S459K,459,S,K,0.0069436414000000005
N460A,460,N,A,0.029250850000000002
N460C,460,N,C,0.02350701
N460D,460,N,D,0.009754674
N460E,460,N,E,0.038346438000000004
N460F,460,N,F,0.047572350000000006
N460G,460,N,G,0.022733068000000002
N460H,460,N,H,0.03602758442
N460K,460,N,K,0.031198104
N460I,460,N,I,0.0293253602
N460M,460,N,M,0.029560456
N460P,460,N,P,0.031223654
N460Q,460,N,Q,0.029043122
N460R,460,N,R,0.02894529
N460S,460,N,S,0.027272578
N460T,460,N,T,0.028127564
N460V,460,N,V,0.028629388
N460Y,460,N,Y,0.04544979600000001
N460L,460,N,L,0.046657738000000004
L461I,461,L,I,0.00838368
L461V,461,L,V,0.00656921
L461M,461,L,M,0.004931642
K462Q,462,K,Q,0.007416574
K462Y,462,K,Y,0.007064867999999999
K462V,462,K,V,0.005525612
K462T,462,K,T,0.00651223158
K462S,462,K,S,0.006816796000000001
K462R,462,K,R,0.007203766
K462N,462,K,N,0.007546814
K462D,462,K,D,0.006122326
K462L,462,K,L,0.005988174
K462M,462,K,M,0.006221302
K462A,462,K,A,0.006416191999999999
K462E,462,K,E,0.0069539879999999995
K462C,462,K,C,0.006944716
K462G,462,K,G,0.006034072000000001
K462H,462,K,H,0.005990995999999999
K462I,462,K,I,0.006969262
K462F,462,K,F,0.005567132
P463A,463,P,A,0.0065976080000000005
F464W,464,F,W,0.005552138
F464S,464,F,S,0.008773494
F464L,464,F,L,0.006991182
F464Q,464,F,Q,0.007262284
F464Y,464,F,Y,0.0071159802
F464N,464,F,N,0.007648504
F464A,464,F,A,0.007979548
F464G,464,F,G,0.0087586023
F464H,464,F,H,0.006210038
F464M,464,F,M,0.006230502
E465H,465,E,H,0.006888958
E465D,465,E,D,0.007360910000000001
E465G,465,E,G,0.006063236
E465Q,465,E,Q,0.006986774
R466Q,466,R,Q,0.007945615999999999
R466H,466,R,H,0.007222898
R466K,466,R,K,0.0075117840000000005
I468Q,468,I,Q,0.0072050479999999995
I468R,468,I,R,0.00581257
I468V,468,I,V,0.006250044
I468Y,468,I,Y,0.008123133999999999
I468H,468,I,H,0.013800132
I468D,468,I,D,0.007984666
I468C,468,I,C,0.008707234000000001
I468A,468,I,A,0.0062828879999999995
I468K,468,I,K,0.006856922
I468L,468,I,L,0.007317592
I468M,468,I,M,0.007503018
I468N,468,I,N,0.011004056
I468P,468,I,P,0.0073646402
I468T,468,I,T,0.008657515999999999
I468S,468,I,S,0.00704107
I468E,468,I,E,0.009959756
I468G,468,I,G,0.00738352
S469Q,469,S,Q,0.006751646
S469N,469,S,N,0.006190416
S469A,469,S,A,0.006485172
S469K,469,S,K,0.0054467608
S469D,469,S,D,0.006290542
S469C,469,S,C,0.007358908
S469R,469,S,R,0.005503290000000001
S469T,469,S,T,0.006415878000000001
S469E,469,S,E,0.005741468
S469G,469,S,G,0.0063099919999999995
T470Y,470,T,Y,0.0046784999999999995
T470V,470,T,V,0.005330724
T470D,470,T,D,0.012475418
T470S,470,T,S,0.0064793248
T470R,470,T,R,0.010091106
T470Q,470,T,Q,0.00988151
T470N,470,T,N,0.01765017
T470C,470,T,C,0.006945322
T470M,470,T,M,0.005174548
T470L,470,T,L,0.005368842
T470K,470,T,K,0.009008262
T470I,470,T,I,0.005578036
T470H,470,T,H,0.005726688
T470G,470,T,G,0.00808919
T470F,470,T,F,0.004169058
T470E,470,T,E,0.016611606
T470A,470,T,A,0.005991866
E471Y,471,E,Y,0.0050048
E471V,471,E,V,0.005134443
E471T,471,E,T,0.006653892
E471S,471,E,S,0.00594947
E471A,471,E,A,0.005837569999999999
E471P,471,E,P,0.008738058
E471N,471,E,N,0.0054960823999999995
E471M,471,E,M,0.0052202939999999995
E471L,471,E,L,0.004801756
E471K,471,E,K,0.005524985999999999
E471I,471,E,I,0.0046064606
E471H,471,E,H,0.005572162
E471G,471,E,G,0.006401194
E471D,471,E,D,0.007133896
E471C,471,E,C,0.017643342
E471Q,471,E,Q,0.0059451242000000005
E471R,471,E,R,0.00522157
E471F,471,E,F,0.00587356
I472N,472,I,N,0.036303592
I472V,472,I,V,0.006933745999999999
I472T,472,I,T,0.010063964000000002
I472S,472,I,S,0.046258676000000006
I472Q,472,I,Q,0.02201593
I472P,472,I,P,0.02977898
I472M,472,I,M,0.01576499
I472W,472,I,W,0.09141865599999999
I472L,472,I,L,0.012196895999999999
I472H,472,I,H,0.0329614116
I472G,472,I,G,0.14133552
I472F,472,I,F,0.024863152
I472E,472,I,E,0.06675285
I472D,472,I,D,0.140463246
I472C,472,I,C,0.050058112
I472A,472,I,A,0.024201752
I472K,472,I,K,0.088823632
I472Y,472,I,Y,0.039611982000000004
Y473V,473,Y,V,0.08203453200000001
Y473L,473,Y,L,0.045538812000000005
Y473T,473,Y,T,0.0697277
Y473M,473,Y,M,0.043013732
Y473S,473,Y,S,0.08459498400000001
Y473W,473,Y,W,0.013646736
Y473A,473,Y,A,0.10153236400000001
Y473C,473,Y,C,0.086416084
Y473E,473,Y,E,0.07782323
Y473F,473,Y,F,0.00716012
Y473H,473,Y,H,0.010170084
Y473I,473,Y,I,0.069845162
Y473N,473,Y,N,0.079267276
Y473Q,473,Y,Q,0.071660468
Q474V,474,Q,V,0.006075762
Q474T,474,Q,T,0.005639924000000001
Q474S,474,Q,S,0.006270244
Q474R,474,Q,R,0.005905438000000001
Q474N,474,Q,N,0.007461218
Q474M,474,Q,M,0.0041408954
Q474K,474,Q,K,0.006530568
Q474H,474,Q,H,0.0053966204000000005
Q474G,474,Q,G,0.006281018
Q474E,474,Q,E,0.006317494
Q474D,474,Q,D,0.006417566
Q474A,474,Q,A,0.005377735999999999
Q474P,474,Q,P,0.00641281
A475F,475,A,F,0.046970939999999996
A475Y,475,A,Y,0.051406520000000004
A475D,475,A,D,0.08304711
A475C,475,A,C,0.008424146
A475E,475,A,E,0.0586961
A475G,475,A,G,0.012922082
A475L,475,A,L,0.007398592000000001
A475K,475,A,K,0.063126304
A475V,475,A,V,0.026559256000000003
A475I,475,A,I,0.038858268
A475T,475,A,T,0.00916372
A475M,475,A,M,0.02611519
A475S,475,A,S,0.008464418
A475R,475,A,R,0.051791394
A475Q,475,A,Q,0.033145644
A475N,475,A,N,0.09518827
G476A,476,G,A,0.006696494000000001
G476Q,476,G,Q,0.030518554
G476E,476,G,E,0.06761926800000001
G476H,476,G,H,0.01775117
G476K,476,G,K,0.048934861999999996
G476T,476,G,T,0.047868258
G476N,476,G,N,0.041111482
G476R,476,G,R,0.049059264000000005
G476S,476,G,S,0.008154047999999999
G476D,476,G,D,0.047089835999999996
S477Y,477,S,Y,0.004698755
S477W,477,S,W,0.00430288
S477V,477,S,V,0.006909898
S477T,477,S,T,0.006616459999999999
S477R,477,S,R,0.006098327999999999
S477Q,477,S,Q,0.010705288
S477P,477,S,P,0.005526472
S477I,477,S,I,0.005911022
S477M,477,S,M,0.005444384615384615
S477L,477,S,L,0.006941813999999999
S477H,477,S,H,0.0057525008
S477G,477,S,G,0.00605959
S477F,477,S,F,0.005577552
S477D,477,S,D,0.007697246
S477A,477,S,A,0.006470468
S477N,477,S,N,0.0070320159999999994
S477C,477,S,C,0.005619516
T478S,478,T,S,0.006111896
T478V,478,T,V,0.00573758
T478Q,478,T,Q,0.006824426
T478R,478,T,R,0.005482198000000001
T478I,478,T,I,0.005410531979999999
T478K,478,T,K,0.0057429556
T478L,478,T,L,0.005287106000000001
T478M,478,T,M,0.005767984
T478N,478,T,N,0.005514608
T478W,478,T,W,0.00659107
T478P,478,T,P,0.006239130000000001
T478A,478,T,A,0.007024612
T478H,478,T,H,0.005571382000000001
T478G,478,T,G,0.006594297999999999
T478F,478,T,F,0.005001966
T478C,478,T,C,0.00609897
T478D,478,T,D,0.008928616
T478E,478,T,E,0.0071389406
T478Y,478,T,Y,0.0052390579999999996
P479C,479,P,C,0.0054930522
P479Y,479,P,Y,0.005614246000000001
P479A,479,P,A,0.006035996
P479D,479,P,D,0.0061824584
P479H,479,P,H,0.00592462
P479F,479,P,F,0.005858284
P479G,479,P,G,0.0054631079999999995
P479I,479,P,I,0.0067606920000000004
P479K,479,P,K,0.007371212
P479L,479,P,L,0.005715540220000001
P479M,479,P,M,0.00632366
P479N,479,P,N,0.00614194
P479Q,479,P,Q,0.006373192
P479R,479,P,R,0.006329036
P479S,479,P,S,0.006001238
P479T,479,P,T,0.006232354
P479V,479,P,V,0.006008116
P479E,479,P,E,0.00880898
N481A,481,N,A,0.006568256
N481C,481,N,C,0.0054883760000000005
N481E,481,N,E,0.006306418
N481S,481,N,S,0.006938218
N481V,481,N,V,0.01018256
N481F,481,N,F,0.005453648
N481G,481,N,G,0.006566656
N481H,481,N,H,0.005456834000000001
N481Y,481,N,Y,0.00591292
N481K,481,N,K,0.006259439800000001
N481L,481,N,L,0.006599226000000001
N481I,481,N,I,0.0073114140000000005
N481M,481,N,M,0.006457826799999999
N481P,481,N,P,0.012602588000000001
N481Q,481,N,Q,0.00616991
N481R,481,N,R,0.005885032
N481T,481,N,T,0.011130624
N481D,481,N,D,0.006046666000000001
G482L,482,G,L,0.009630104
G482Y,482,G,Y,0.007346228
G482T,482,G,T,0.013396604000000001
G482S,482,G,S,0.008137601999999999
G482R,482,G,R,0.007047792000000001
G482Q,482,G,Q,0.006687482
G482N,482,G,N,0.007329316
G482K,482,G,K,0.007205028
G482P,482,G,P,0.025412742000000002
G482F,482,G,F,0.0058291260000000004
G482D,482,G,D,0.018746882
G482C,482,G,C,0.006723504
G482A,482,G,A,0.0078821726
G482H,482,G,H,0.006623284
V483K,483,V,K,0.05043423600000001
V483L,483,V,L,0.005850484
V483M,483,V,M,0.009274992000000001
V483Y,483,V,Y,0.017207001000000003
V483C,483,V,C,0.007866544
V483R,483,V,R,0.041161454
V483Q,483,V,Q,0.021735446000000002
V483I,483,V,I,0.006204362
V483S,483,V,S,0.05484424000000001
V483T,483,V,T,0.038527488
V483W,483,V,W,0.007921408
V483A,483,V,A,0.01519048
V483H,483,V,H,0.013221921999999999
V483N,483,V,N,0.017733008
V483D,483,V,D,0.04095138599999999
V483E,483,V,E,0.047910076
V483F,483,V,F,0.0056873439999999996
V483G,483,V,G,0.025114224000000004
E484F,484,E,F,0.24448715799999998
E484H,484,E,H,0.228359744
E484G,484,E,G,0.09602968
E484L,484,E,L,0.22243808
E484D,484,E,D,0.088972766
E484C,484,E,C,0.174399592
E484M,484,E,M,0.144020104
E484N,484,E,N,0.121233044
E484P,484,E,P,0.23154776999999999
E484Q,484,E,Q,0.110031786
E484R,484,E,R,0.11885471600000001
E484A,484,E,A,0.163848932
E484S,484,E,S,0.10988213399999999
E484T,484,E,T,0.128467266
E484V,484,E,V,0.22598114
E484W,484,E,W,0.159674396
E484Y,484,E,Y,0.22464199199999998
E484I,484,E,I,0.209112814
E484K,484,E,K,0.124857244
G485R,485,G,R,0.050961372000000005
G485A,485,G,A,0.01808945
G485C,485,G,C,0.022500488
G485D,485,G,D,0.105084314
G485E,485,G,E,0.036875538
G485H,485,G,H,0.033071420000000004
G485K,485,G,K,0.039058692
G485M,485,G,M,0.015140724000000001
G485N,485,G,N,0.039537567600000004
G485P,485,G,P,0.21719793599999998
G485T,485,G,T,0.057632656000000004
G485S,485,G,S,0.017352408
G485Q,485,G,Q,0.021181846808510638
F486I,486,F,I,0.07664594
F486K,486,F,K,0.11902626399999999
F486R,486,F,R,0.10066510199999999
F486M,486,F,M,0.0311520388
F486N,486,F,N,0.08163492
F486P,486,F,P,0.117687338
F486Q,486,F,Q,0.082543776
F486S,486,F,S,0.105718092
F486T,486,F,T,0.1249232
F486V,486,F,V,0.08043576399999999
F486W,486,F,W,0.028321762
F486Y,486,F,Y,0.011672713999999999
F486H,486,F,H,0.045995296000000005
F486L,486,F,L,0.059452538
F486G,486,F,G,0.15299884800000002
F486C,486,F,C,0.076616632
F486D,486,F,D,0.10551247999999999
F486A,486,F,A,0.091778808
F486E,486,F,E,0.098529172
N487L,487,N,L,0.05500462600000001
N487Y,487,N,Y,0.08267770434782609
N487T,487,N,T,0.06646664399999999
N487S,487,N,S,0.04080591
N487R,487,N,R,0.099212062
N487Q,487,N,Q,0.053011420000000004
N487K,487,N,K,0.08984564199999999
N487H,487,N,H,0.039370532
N487G,487,N,G,0.03575365
N487F,487,N,F,0.068219954
N487E,487,N,E,0.07625374
N487D,487,N,D,0.0778976
N487A,487,N,A,0.043419243999999996
N487M,487,N,M,0.04607762
Y489F,489,Y,F,0.019322496
Y489H,489,Y,H,0.081414498
Y489M,489,Y,M,0.07151558599999999
Y489L,489,Y,L,0.093095874
Y489Q,489,Y,Q,0.10651795800000001
Y489V,489,Y,V,0.123538462
Y489W,489,Y,W,0.05729285
Y489I,489,Y,I,0.115292878
F490H,490,F,H,0.024463795999999996
F490S,490,F,S,0.07157946800000001
F490R,490,F,R,0.144182694
F490Q,490,F,Q,0.10848148
F490N,490,F,N,0.126814906
F490M,490,F,M,0.045061662
F490L,490,F,L,0.09513866
F490K,490,F,K,0.159368064
F490I,490,F,I,0.10103482800000001
F490G,490,F,G,0.079486574
F490P,490,F,P,0.12037589
F490V,490,F,V,0.103872212
F490T,490,F,T,0.08845951599999999
F490W,490,F,W,0.024975656000000002
F490Y,490,F,Y,0.022685186000000003
F490A,490,F,A,0.076085004
F490E,490,F,E,0.126855454
F490D,490,F,D,0.134391708
F490C,490,F,C,0.053311741999999995
L492I,492,L,I,0.008988174
L492F,492,L,F,0.018550772000000004
L492V,492,L,V,0.031528388
Q493D,493,Q,D,0.057852302
Q493Y,493,Q,Y,0.060624414
Q493W,493,Q,W,0.058932960000000006
Q493V,493,Q,V,0.04960140999999999
Q493T,493,Q,T,0.051067181999999996
Q493S,493,Q,S,0.030219094800000002
Q493R,493,Q,R,0.107643756
Q493N,493,Q,N,0.011948294
Q493M,493,Q,M,0.021573691489361703
Q493L,493,Q,L,0.044278269999999995
Q493K,493,Q,K,0.133775232
Q493I,493,Q,I,0.048382060000000005
Q493H,493,Q,H,0.013659416
Q493G,493,Q,G,0.027281912
Q493A,493,Q,A,0.045107945999999996
Q493C,493,Q,C,0.08708167096774193
Q493F,493,Q,F,0.0965395
Q493E,493,Q,E,0.034147876
S494T,494,S,T,0.015718582
S494V,494,S,V,0.030037964
S494R,494,S,R,0.12438321999999999
S494N,494,S,N,0.03335876
S494F,494,S,F,0.025786814
S494Y,494,S,Y,0.046813574
S494A,494,S,A,0.00878894
S494D,494,S,D,0.05884274
S494P,494,S,P,0.053730752
S494G,494,S,G,0.027315266
S494H,494,S,H,0.036659984
S494I,494,S,I,0.040237752
S494K,494,S,K,0.10824457000000001
S494W,494,S,W,0.053655624
S494M,494,S,M,0.037370072
G496A,496,G,A,0.012944057036
G496T,496,G,T,0.037111628
G496V,496,G,V,0.038870152
G496W,496,G,W,0.021578852
G496Y,496,G,Y,0.028037658
G496H,496,G,H,0.031339108000000004
G496I,496,G,I,0.038828522
G496R,496,G,R,0.045242758
G496F,496,G,F,0.023264654
G496E,496,G,E,0.036544917999999996
G496D,496,G,D,0.029606424
G496Q,496,G,Q,0.032832272
G496N,496,G,N,0.02592061
G496M,496,G,M,0.01819505
G496L,496,G,L,0.027224524
G496K,496,G,K,0.04894394
G496C,496,G,C,0.036813189999999996
G496S,496,G,S,0.024221102
Q498Y,498,Q,Y,0.018812624
Q498L,498,Q,L,0.023523426
Q498T,498,Q,T,0.007685641199999999
Q498S,498,Q,S,0.0058936330000000006
Q498R,498,Q,R,0.029854624
Q498N,498,Q,N,0.01089467
Q498M,498,Q,M,0.013487694
Q498K,498,Q,K,0.033673948
Q498I,498,Q,I,0.018135969999999998
Q498H,498,Q,H,0.014542876
Q498G,498,Q,G,0.015320701999999999
Q498F,498,Q,F,0.016314092
Q498E,498,Q,E,0.021192814
Q498D,498,Q,D,0.02493736046511628
Q498V,498,Q,V,0.011890735999999999
Q498C,498,Q,C,0.022002357999999996
Q498A,498,Q,A,0.011370038
Q498W,498,Q,W,0.027970078000000002
P499A,499,P,A,0.015459400000000002
P499C,499,P,C,0.058500986
P499D,499,P,D,0.047523756
P499E,499,P,E,0.04254886199999999
P499H,499,P,H,0.026446817999999997
P499L,499,P,L,0.010017506
P499M,499,P,M,0.018142830000000002
P499N,499,P,N,0.0317714474
P499Y,499,P,Y,0.02342301
P499Q,499,P,Q,0.030484010000000002
P499R,499,P,R,0.0321711
P499S,499,P,S,0.033123823999999996
P499T,499,P,T,0.024802262
P499V,499,P,V,0.012443195999999998
P499G,499,P,G,0.061927874
T500D,500,T,D,0.029862792000000003
T500A,500,T,A,0.00673322
T500C,500,T,C,0.011968312000000002
T500E,500,T,E,0.019695812
T500F,500,T,F,0.014686992000000001
T500G,500,T,G,0.012913472000000002
T500H,500,T,H,0.015178916
T500I,500,T,I,0.005493748
T500K,500,T,K,0.018955466
T500L,500,T,L,0.006190266
T500M,500,T,M,0.009715192
T500N,500,T,N,0.011744066
T500P,500,T,P,0.008299942
T500Q,500,T,Q,0.007853956
T500R,500,T,R,0.016928964
T500S,500,T,S,0.006230814
T500V,500,T,V,0.006023864
T500Y,500,T,Y,0.014833090200000001
T500W,500,T,W,0.018129064
N501A,501,N,A,0.015208632
N501C,501,N,C,0.028555644
N501Y,501,N,Y,0.00853598
N501W,501,N,W,0.018799712000000003
N501V,501,N,V,0.013919794000000001
N501T,501,N,T,0.011101334000000001
N501S,501,N,S,0.00954641
N501R,501,N,R,0.043499584
N501Q,501,N,Q,0.015583829
N501M,501,N,M,0.0181189642
N501L,501,N,L,0.019341862
N501I,501,N,I,0.007227156
N501H,501,N,H,0.01136262
N501G,501,N,G,0.020015226
N501F,501,N,F,0.008644634
N501P,501,N,P,0.014806792
V503A,503,V,A,0.009359826
V503Y,503,V,Y,0.0054549360000000005
V503G,503,V,G,0.00538257
V503E,503,V,E,0.011163784000000001
V503F,503,V,F,0.005401198
V503H,503,V,H,0.006569706
V503I,503,V,I,0.006126553999999999
V503K,503,V,K,0.0059138044
V503L,503,V,L,0.0057773558
V503D,503,V,D,0.005514125999999999
V503M,503,V,M,0.0060308919999999995
V503Q,503,V,Q,0.005845042
V503R,503,V,R,0.00542647
V503S,503,V,S,0.04019797
V503T,503,V,T,0.09435579000000001
V503W,503,V,W,0.00580406
V503N,503,V,N,0.006073298
V503C,503,V,C,0.00516637
G504V,504,G,V,0.021221006
G504Y,504,G,Y,0.00869664
G504W,504,G,W,0.011680918
G504R,504,G,R,0.010979543999999999
G504T,504,G,T,0.009794062
G504S,504,G,S,0.009013138
G504Q,504,G,Q,0.014759102000000001
G504P,504,G,P,0.012232668
G504A,504,G,A,0.00787255
G504N,504,G,N,0.0166887156
G504M,504,G,M,0.019829272
G504K,504,G,K,0.019004062000000002
G504L,504,G,L,0.023019116000000003
G504H,504,G,H,0.012481328
G504F,504,G,F,0.012791226
G504E,504,G,E,0.010132114000000001
G504D,504,G,D,0.015169527999999998
G504C,504,G,C,0.028209483999999996
G504I,504,G,I,0.026916336000000003
Y505F,505,Y,F,0.006979632
Y505N,505,Y,N,0.014615940000000001
Y505Q,505,Y,Q,0.019651292
Y505M,505,Y,M,0.013551180000000001
Y505W,505,Y,W,0.006641746400000001
Y505H,505,Y,H,0.011903490000000001
Q506E,506,Q,E,0.014635361999999999
Q506A,506,Q,A,0.00894383
Q506N,506,Q,N,0.007421236
Q506H,506,Q,H,0.0156559
P507A,507,P,A,0.015195206
Y508A,508,Y,A,0.009174672
Y508F,508,Y,F,0.006065984
Y508H,508,Y,H,0.010099035999999999
Y508M,508,Y,M,0.0072009199999999995
Y508N,508,Y,N,0.0076534820000000005
Y508T,508,Y,T,0.008553688
Y508V,508,Y,V,0.007439408
Y508W,508,Y,W,0.008511923999999999
V510I,510,V,I,0.00494435
V512I,512,V,I,0.005595016
L513I,513,L,I,0.006454656
L513M,513,L,M,0.004451534
S514Q,514,S,Q,0.0085491318
S514V,514,S,V,0.009617858
S514T,514,S,T,0.00722923
S514R,514,S,R,0.006260679999999999
S514N,514,S,N,0.005016874
S514W,514,S,W,0.006041904
S514A,514,S,A,0.005898924
S514Y,514,S,Y,0.009825538
S514F,514,S,F,0.009136034
S514M,514,S,M,0.00709945
S514L,514,S,L,0.0067163760000000005
S514K,514,S,K,0.007454252
S514I,514,S,I,0.007487488
S514H,514,S,H,0.008903846
S514G,514,S,G,0.006367078000000001
S514C,514,S,C,0.009712462
F515L,515,F,L,0.0056953460000000004
F515M,515,F,M,0.007735230303030303
E516T,516,E,T,0.006017978320000001
E516S,516,E,S,0.0056035
E516D,516,E,D,0.010824789999999999
E516H,516,E,H,0.005773066
E516K,516,E,K,0.006775184
E516N,516,E,N,0.0061139446
E516P,516,E,P,0.00598358
E516R,516,E,R,0.006338944
L517V,517,L,V,0.006530758
L517R,517,L,R,0.006586217021276596
L517E,517,L,E,0.008294728
L517H,517,L,H,0.007922178
L517I,517,L,I,0.00747716
L517K,517,L,K,0.00734645
L517T,517,L,T,0.008545624
L517N,517,L,N,0.012937486
L517Q,517,L,Q,0.0069375126
L517S,517,L,S,0.009005676
L517M,517,L,M,0.007034142
L517Y,517,L,Y,0.006863776
L518Q,518,L,Q,0.007861616
L518F,518,L,F,0.006761944
L518H,518,L,H,0.007452578
L518I,518,L,I,0.014245114000000001
L518K,518,L,K,0.013615762
L518M,518,L,M,0.0072603220000000005
L518N,518,L,N,0.009737316000000001
L518P,518,L,P,0.011347808000000001
L518R,518,L,R,0.00777784
L518S,518,L,S,0.00773431002
L518T,518,L,T,0.010618281600000001
L518V,518,L,V,0.009485164
L518W,518,L,W,0.0056716679999999995
L518Y,518,L,Y,0.007394184000000001
L518A,518,L,A,0.005323131578947368
H519V,519,H,V,0.005900915999999999
H519T,519,H,T,0.006865078
H519Y,519,H,Y,0.005886922
H519S,519,H,S,0.006880244
H519R,519,H,R,0.005364107999999999
H519Q,519,H,Q,0.008893966666666666
H519P,519,H,P,0.00780813
H519N,519,H,N,0.007451718
H519L,519,H,L,0.0054142204
H519D,519,H,D,0.0247639
H519F,519,H,F,0.005619026
H519C,519,H,C,0.0076896180000000005
H519I,519,H,I,0.007203298
A520L,520,A,L,0.00810882
A520M,520,A,M,0.007610313
A520H,520,A,H,0.005470642059999999
A520G,520,A,G,0.007707306000000001
A520E,520,A,E,0.007446686
A520D,520,A,D,0.009613908
A520I,520,A,I,0.008642697916666666
A520F,520,A,F,0.00682434
A520C,520,A,C,0.0089557004
A520V,520,A,V,0.005903196
A520K,520,A,K,0.007491824
A520N,520,A,N,0.007981866
A520P,520,A,P,0.009956352
A520R,520,A,R,0.004989928
A520S,520,A,S,0.00775319
A520T,520,A,T,0.00793415
A520Y,520,A,Y,0.006508834
P521H,521,P,H,0.0051080278000000005
P521S,521,P,S,0.00617178
P521T,521,P,T,0.006486540000000001
P521C,521,P,C,0.0048481676
P521F,521,P,F,0.0036649939999999995
P521N,521,P,N,0.012131327999999999
P521G,521,P,G,0.007178658
P521R,521,P,R,0.0066633478
A522C,522,A,C,0.007203012
A522D,522,A,D,0.011720832
A522S,522,A,S,0.00678396
A522W,522,A,W,0.004255010810810811
A522H,522,A,H,0.006561628000000001
A522G,522,A,G,0.005716799999999999
A522I,522,A,I,0.0062682756
A522K,522,A,K,0.006359264
A522L,522,A,L,0.005981142
A522M,522,A,M,0.006273988
A522P,522,A,P,0.006990264
A522R,522,A,R,0.0058778680000000005
A522Y,522,A,Y,0.008686845
A522E,522,A,E,0.008136116
A522V,522,A,V,0.0069298599999999995
A522T,522,A,T,0.007062848
T523Y,523,T,Y,0.007828476470588236
T523I,523,T,I,0.00747330294117647
V524I,524,V,I,0.006012832
V524G,524,V,G,0.007459147058823529
V524A,524,V,A,0.00775445876
C525L,525,C,L,0.0065520959999999994
C525N,525,C,N,0.009058354
C525R,525,C,R,0.0039202272
C525S,525,C,S,0.008481206
C525T,525,C,T,0.00206136
C525I,525,C,I,0.006395186000000001
C525F,525,C,F,0.005263487999999999
C525A,525,C,A,0.005911792307692307
G526A,526,G,A,0.007606676
G526E,526,G,E,0.011655068
G526L,526,G,L,0.010034162
G526N,526,G,N,0.007889153999999999
G526P,526,G,P,0.010086656000000001
G526R,526,G,R,0.006211744
G526S,526,G,S,0.007223054
G526V,526,G,V,0.007300682
G526W,526,G,W,0.0059285480000000005
G526D,526,G,D,0.010892284
P527I,527,P,I,0.008198966
P527Y,527,P,Y,0.0063102539999999995
P527Q,527,P,Q,0.0066854754800000004
P527N,527,P,N,0.00735628
P527M,527,P,M,0.006348134
P527L,527,P,L,0.00717441746
P527K,527,P,K,0.006718172
P527A,527,P,A,0.006886786000000001
P527C,527,P,C,0.006293744
P527E,527,P,E,0.008293714
P527F,527,P,F,0.005493888
P527G,527,P,G,0.0064754619999999995
P527R,527,P,R,0.006947942
P527S,527,P,S,0.0067774179999999995
P527H,527,P,H,0.006615164
P527W,527,P,W,0.0016640571428571428
P527V,527,P,V,0.006339424
P527T,527,P,T,0.007570865999999999
K528E,528,K,E,0.008164312
K528T,528,K,T,0.007802814
K528S,528,K,S,0.0071292379999999995
K528R,528,K,R,0.006978
K528Q,528,K,Q,0.007848756
K528P,528,K,P,0.007157556000000001
K528N,528,K,N,0.008420068400000001
K528M,528,K,M,0.0077271480000000005
K528I,528,K,I,0.006989052
K528V,528,K,V,0.008707688
K528H,528,K,H,0.006552834
K528G,528,K,G,0.009184956
K528D,528,K,D,0.009517446
K528C,528,K,C,0.0061217
K528A,528,K,A,0.009354066
K528L,528,K,L,0.007409158
K528W,528,K,W,0.005989786
K528Y,528,K,Y,0.007341454
K529E,529,K,E,0.008489732
K529Y,529,K,Y,0.008785498000000001
K529W,529,K,W,0.006602482
K529V,529,K,V,0.007920718
K529T,529,K,T,0.010195516
K529R,529,K,R,0.005290751999999999
K529Q,529,K,Q,0.0067413840000000004
K529P,529,K,P,0.007348144
K529N,529,K,N,0.01996854
K529S,529,K,S,0.008378702
K529L,529,K,L,0.006755238
K529M,529,K,M,0.00850707
K529C,529,K,C,0.010292294
K529G,529,K,G,0.00755643
K529D,529,K,D,0.01693026
K529H,529,K,H,0.0060542284
K529I,529,K,I,0.006322222
K529F,529,K,F,0.006586082
S530L,530,S,L,0.005282648
S530M,530,S,M,0.006576805999999999
S530N,530,S,N,0.007106106
S530Y,530,S,Y,0.005548166
S530W,530,S,W,0.004963574
S530V,530,S,V,0.006597792
S530T,530,S,T,0.007423048
S530R,530,S,R,0.004438742
S530Q,530,S,Q,0.0068608820000000004
S530P,530,S,P,0.006894432000000001
S530K,530,S,K,0.005545004
S530F,530,S,F,0.0050590288
S530I,530,S,I,0.0063187519999999995
S530G,530,S,G,0.006389968
S530H,530,S,H,0.0057793428
S530E,530,S,E,0.010695968
S530D,530,S,D,0.009896226000000001
S530C,530,S,C,0.008530898
S530A,530,S,A,0.009862632
T531S,531,T,S,0.0072595349399999995
T531A,531,T,A,0.0064262600000000005
T531C,531,T,C,0.006279524
T531R,531,T,R,0.0048377478
T531N,531,T,N,0.007344784
T531Q,531,T,Q,0.007043824
T531E,531,T,E,0.008870334
T531F,531,T,F,0.005543508
T531G,531,T,G,0.0076444880000000005
T531H,531,T,H,0.006432794
T531I,531,T,I,0.005319074
T531K,531,T,K,0.005629696
T531L,531,T,L,0.004945426
T531Y,531,T,Y,0.0053901494000000005
T531W,531,T,W,0.004802224
T531V,531,T,V,0.005247712
T531M,531,T,M,0.0052150848
T531D,531,T,D,0.009142645999999999
T531P,531,T,P,0.005711951200000001
